-- phpMyAdmin SQL Dump
-- version 4.7.0
-- https://www.phpmyadmin.net/
--
-- Hôte : 127.0.0.1
-- Généré le :  jeu. 31 oct. 2019 à 15:00
-- Version du serveur :  5.7.17
-- Version de PHP :  7.1.3

SET SQL_MODE = "NO_AUTO_VALUE_ON_ZERO";
SET AUTOCOMMIT = 0;
START TRANSACTION;
SET time_zone = "+00:00";


/*!40101 SET @OLD_CHARACTER_SET_CLIENT=@@CHARACTER_SET_CLIENT */;
/*!40101 SET @OLD_CHARACTER_SET_RESULTS=@@CHARACTER_SET_RESULTS */;
/*!40101 SET @OLD_COLLATION_CONNECTION=@@COLLATION_CONNECTION */;
/*!40101 SET NAMES utf8mb4 */;

--
-- Base de données :  `artpublicmtl`
--

-- --------------------------------------------------------

--
-- Structure de la table `arrondissement`
--

CREATE TABLE `arrondissement` (
  `id_arrondissement` int(11) NOT NULL,
  `nom` varchar(50) NOT NULL
) ENGINE=MyISAM DEFAULT CHARSET=utf8;

--
-- Déchargement des données de la table `arrondissement`
--

INSERT INTO `arrondissement` (`id_arrondissement`, `nom`) VALUES
(1, 'Côte-des-Neiges–Notre-Dame-de-Grâce'),
(2, 'Ville-Marie'),
(3, 'Rosemont–La Petite-Patrie'),
(4, 'Le Plateau-Mont-Royal'),
(5, 'Le Sud-Ouest'),
(6, 'Mercier–Hochelaga-Maisonneuve'),
(7, 'Rivière-des-Prairies–Pointe-aux-Trembles'),
(8, 'Saint-Léonard'),
(9, 'Verdun'),
(10, 'Villeray–Saint-Michel–Parc-Extension'),
(11, 'Lachine'),
(12, 'LaSalle'),
(13, 'Ahuntsic-Cartierville'),
(14, 'Saint-Laurent'),
(15, 'Montréal-Nord'),
(16, 'Outremont'),
(17, 'L’Île-Bizard–Sainte-Geneviève'),
(18, 'Pierrefonds-Roxboro');

-- --------------------------------------------------------

--
-- Structure de la table `artiste`
--

CREATE TABLE `artiste` (
  `id_artiste` int(11) NOT NULL,
  `nom` varchar(50) DEFAULT NULL,
  `prenom` varchar(50) DEFAULT NULL,
  `nom_collectif` varchar(50) DEFAULT NULL,
  `biographie` text
) ENGINE=MyISAM DEFAULT CHARSET=utf8;

--
-- Déchargement des données de la table `artiste`
--

INSERT INTO `artiste` (`id_artiste`, `nom`, `prenom`, `nom_collectif`, `biographie`) VALUES
(1, 'Coutu', 'Patrick', '', ''),
(2, 'Alloucherie', 'Jocelyne', '', ''),
(3, 'Angers', 'Pierre Yves', '', ''),
(4, 'Arsenault', 'Denise', '', ''),
(5, 'jjj', '', 'Atelier TAG', 'jjj'),
(6, 'Adam', 'Henri-Georges', '', ''),
(7, 'Antoci', 'Rosario', '', ''),
(8, 'Aquino', 'Eduardo', '', ''),
(9, 'Streubel', 'Heinrich', '', ''),
(10, 'Inconnu', 'Auteur', '', ''),
(11, 'Pootoogook', 'Elijah Pudlat', '', ''),
(12, 'Saggiak', 'Kumakuluk', '', ''),
(13, 'Baier', 'Nicolas', '', ''),
(14, 'Balboni', 'Carlo', '', ''),
(15, 'Bélanger', 'Octave', '', ''),
(16, 'Benet', 'Eugène-Paul', '', ''),
(17, 'Berezowsky', 'Liliana', '', ''),
(18, 'Bergeron', 'Germain', '', ''),
(19, 'Bérubé', 'Patrick', '', ''),
(20, 'Boisvert', 'Gilles', '', ''),
(21, 'Borduas', 'Paul', '', ''),
(22, 'Borduas', 'Paul-Émile', '', ''),
(23, 'Boudot', 'Lucien', '', ''),
(24, 'Cerceau', 'Fernand', '', ''),
(25, 'Bourassa', 'Guy', '', ''),
(26, 'Bourgault', 'Pierre', '', ''),
(27, 'Bourgeau', 'Annick', '', ''),
(28, 'Lasalle', 'Jules', '', ''),
(29, 'Boyer', 'Gilbert', '', ''),
(30, 'Brière', 'Marie-France', '', ''),
(31, 'Brunet', 'Émile', '', ''),
(32, 'Buren', 'Daniel', '', ''),
(33, 'Burman', 'Irving', '', ''),
(34, 'Cadieux', 'Alain', '', ''),
(35, 'Calder', 'Alexander', '', ''),
(36, 'Cantieni', 'Graham', '', ''),
(37, 'Cardenas', 'Augustin', '', ''),
(38, 'Carpentier', 'Jacques', '', ''),
(39, 'Cartier', 'Jean', '', ''),
(40, 'Casini', 'Guido', '', ''),
(41, 'Cavalli', 'Roger', '', ''),
(42, 'Charland-Favretti', 'Lyse', '', ''),
(43, 'Charney', 'Melvin', '', ''),
(44, 'Chavignier', 'Louis', '', ''),
(45, 'Comtois', 'Ulysse', '', ''),
(46, 'Connolly', 'Reynald', '', ''),
(47, 'gg', '', 'Cooke-Sasseville', 'bvbb'),
(48, 'Covit', 'Linda', '', ''),
(49, 'Séguin', 'Marie-Claude', '', ''),
(50, 'Hardy et associés', 'Cardinal', '', ''),
(51, 'Daoust', 'Sylvia', '', ''),
(52, 'Dardel', 'René', '', ''),
(53, 'Daudelin', 'Charles', '', ''),
(54, 'De Almeida', 'Charters', '', ''),
(55, 'De Broin', 'Michel', '', ''),
(56, 'De Leon Imao', 'Abdulmari Jr.', '', ''),
(57, 'De Palma', 'Armand', '', ''),
(58, 'De Tonnancour', 'Jacques', '', ''),
(59, 'Debré', 'Olivier', '', ''),
(60, 'Delavalle', 'Jean-Marie', '', ''),
(61, 'Delfosse', 'George', '', ''),
(62, 'Démidoff-Séguin', 'Tatiana', '', ''),
(63, 'Dubois', 'Pierre-Gilles', '', ''),
(64, 'Dubray', 'Vital', '', ''),
(65, 'Dumouchel', 'Agnès', '', ''),
(66, 'Duval', 'Lucie', '', ''),
(67, 'Dyens', 'Georges', '', ''),
(68, 'Edstrom', 'Peter David', '', ''),
(69, 'Eloul', 'Kosso', '', ''),
(70, 'Faniel', 'Alfred', '', ''),
(71, 'Farley', 'Denis', '', ''),
(72, 'Filion', 'Armand', '', ''),
(73, 'Fiorucci', 'Vittorio', '', ''),
(74, 'Fontaine', 'Lorraine', '', ''),
(75, 'Fortin', 'Marc-Aurèle', '', ''),
(76, 'Fournelle', 'André', '', ''),
(77, 'Galipeau', 'Benoit', '', ''),
(78, 'Gavoty', 'Jean-François', '', ''),
(79, 'Péré', 'Guerric', '', ''),
(80, 'Gladstone', 'Gerald', '', ''),
(81, 'Gnass', 'Peter', '', ''),
(82, 'Gokakis', 'Spyros', '', ''),
(83, 'Gorduz', 'Vasile', '', ''),
(84, 'Goulet', 'Michel', '', ''),
(85, 'Goulet', 'Rose-Marie', '', ''),
(86, 'Robert', 'Marie-Claude', '', ''),
(87, 'Granche', 'Pierre', '', ''),
(88, 'Granet', 'Roseline', '', ''),
(89, 'Hayeur', 'Isabelle', '', ''),
(90, 'Hébert', 'Adrien', '', ''),
(91, 'Hébert', 'Henri', '', ''),
(92, 'Hébert', 'Jacques', '', ''),
(93, 'Hébert', 'Louis-Philippe', '', ''),
(94, 'Heyvaert', 'Pierre', '', ''),
(95, 'Hill', 'George William', '', ''),
(96, 'Holgate', 'Edwin H.', '', ''),
(97, 'Hunt', 'Henry', '', ''),
(98, 'Hunt', 'Tony', '', ''),
(99, 'Hunter', 'Raoul', '', ''),
(100, 'Jarnuszkiewicz', 'Jacek', '', ''),
(101, 'Keyt', 'George', '', ''),
(102, 'Lachapelle', 'Guillaume', '', ''),
(103, 'Laliberté', 'Alfred', '', ''),
(104, 'Lamarche', 'Claude', '', ''),
(105, 'Lancz', 'Paul', '', ''),
(106, 'Langevin', 'Roger', '', ''),
(107, 'Lapalme', 'Robert', '', ''),
(108, 'Lapointe', 'Michèle', '', ''),
(109, 'Larivée', 'Francine', '', ''),
(110, 'Larivière', 'Gilles', '', ''),
(111, 'Lawson', 'Georges Anderson', '', ''),
(112, 'Leblanc', 'Pierre', '', ''),
(113, 'Lebourg', 'Charles-Auguste', '', ''),
(114, 'Leclerc', 'Pierre E.', '', ''),
(115, 'Lefébure', 'Jean', '', ''),
(116, 'Lemieux', 'F. Maurice', '', ''),
(117, 'Lemieux', 'Lisette', '', ''),
(118, '', '', 'Les Industries perdues', ''),
(119, 'Lui', 'Andrew', '', ''),
(120, 'Maler', 'Miroslav Frederik', '', ''),
(121, 'McCarthy', 'Coeur de lion', '', ''),
(122, 'Hilton-Moore', 'Marlene', '', ''),
(123, 'McEwen', 'John', '', ''),
(124, 'Merola', 'Mario', '', ''),
(125, 'Mihalcean', 'Gilles', '', ''),
(126, 'Millette', 'Claude', '', ''),
(127, 'Mitchell', 'Robert', '', ''),
(128, 'Moore', 'David', '', ''),
(129, 'Moreau', 'Mathurin', '', ''),
(130, 'Morin', 'Jean-Pierre', '', ''),
(131, 'Morin', 'Madeleine', '', ''),
(132, 'Morosoli', 'Joëlle', '', ''),
(133, 'Mott', 'J.L.', '', ''),
(134, 'Nadeau', 'Guy', '', ''),
(135, 'Nadeau', 'Marc-Antoine', '', ''),
(136, 'Narita', 'Takera', '', ''),
(137, 'Nepveu', 'Robert', '', ''),
(138, 'Olariu', 'Octavian', '', ''),
(139, 'Paiement', 'Alain', '', ''),
(140, 'Pang', 'Tin Neon', '', ''),
(141, 'Pellegrinuzzi', 'Roberto', '', ''),
(142, 'Pellerin', 'Guy', '', ''),
(143, 'Pelletier', 'Robert', '', ''),
(144, 'Pellus', 'Raymond', '', ''),
(145, 'Pelzer', 'Alfonso', '', ''),
(146, 'Pillhofer', 'Josef', '', ''),
(147, 'Pilot', 'Robert', '', ''),
(148, 'Planes', 'José', '', ''),
(149, 'Poliquin', 'Jean-Noël', '', ''),
(150, 'Poulin', 'Roland', '', ''),
(151, 'Prent', 'Mark', '', ''),
(152, 'Reddy', 'Krishna', '', ''),
(153, 'Reusch', 'Astri', '', ''),
(154, 'Rochette', 'Sylvie', '', ''),
(155, 'Rolland', 'Dominique', '', ''),
(156, 'Roussil', 'Robert', '', ''),
(157, 'Sandonato', 'Aurelio', '', ''),
(158, 'Santini', 'Laura', '', ''),
(159, 'Saxe', 'Henry', '', ''),
(160, 'Schleeh', 'Hans', '', ''),
(161, 'Sebastian', '', '', ''),
(162, 'Si Tu', 'Jie', '', ''),
(163, 'Signori', 'Carlos Sergio', '', ''),
(164, 'Sklavos', 'Yérassimo (Gerasimos)', '', ''),
(165, 'Szekely', 'Pierre', '', ''),
(166, 'Taccola', 'U', '', ''),
(167, 'Zaccarella', 'A', '', ''),
(168, 'Taylor', 'William Hughes', '', ''),
(169, 'Tett', 'Alison', '', ''),
(170, 'Yamazaki', 'Katsuhiro', 'Atelier TAG', ''),
(171, 'Théberge', 'Claude', '', ''),
(172, 'Gendreau', 'Marcel', '', ''),
(173, 'Thorvaldsen', 'Berthel', '', ''),
(174, 'Topham', 'William Thurston', '', ''),
(175, 'Toto', 'Carlos Maria', '', ''),
(176, 'Trudeau', 'Yves', '', ''),
(177, 'Vaillancourt', 'Armand', '', ''),
(178, 'Valade', 'Dominique', '', ''),
(179, 'Van Der Heide', 'Herman J.', '', ''),
(180, 'Vazan', 'Bill', '', ''),
(181, 'Végiard', 'Alfonse', '', ''),
(182, 'Vermette', 'Claude', '', ''),
(183, 'Viger', 'Louise', '', ''),
(184, 'Vincent', 'Joseph-Arthur', '', ''),
(185, 'Vivot', 'Léa', '', ''),
(186, 'Wade', 'George Edward', '', ''),
(187, 'Widgery', 'Catherine', '', ''),
(188, 'Winant', 'Alice', '', ''),
(189, 'Witebsky', 'Shirley', '', ''),
(190, 'Wood', 'Marshall', '', ''),
(191, 'Pelletier', 'Luce', '', ''),
(192, 'Hannah', 'Adad', '', ''),
(193, 'Lauda', 'Jiri Georges', '', ''),
(194, 'Pannier', 'Paul', '', ''),
(195, 'Bélanger', 'Gwenaël', '', ''),
(196, 'Besner', 'Jean-Jacques', '', ''),
(197, '', '', 'Daily tous les jours', ''),
(198, 'Montillaud', 'Francis', '', ''),
(199, 'Wilson', 'Robert', '', ''),
(200, 'Bisson', 'Yvette', '', ''),
(201, 'Sylvain', 'Catherine', '', ''),
(202, '', '', 'BGL', '');

-- --------------------------------------------------------

--
-- Structure de la table `artiste_oeuvre`
--

CREATE TABLE `artiste_oeuvre` (
  `id_artiste` int(11) NOT NULL,
  `id_oeuvre` int(11) NOT NULL
) ENGINE=MyISAM DEFAULT CHARSET=utf8;

--
-- Déchargement des données de la table `artiste_oeuvre`
--

INSERT INTO `artiste_oeuvre` (`id_artiste`, `id_oeuvre`) VALUES
(1, 1),
(2, 2),
(2, 3),
(3, 4),
(3, 5),
(4, 6),
(5, 7),
(6, 8),
(7, 9),
(8, 10),
(9, 11),
(10, 12),
(10, 14),
(10, 15),
(11, 13),
(12, 13),
(13, 16),
(13, 17),
(14, 18),
(15, 18),
(15, 249),
(16, 19),
(17, 20),
(18, 21),
(19, 22),
(20, 22),
(20, 23),
(20, 249),
(21, 24),
(22, 25),
(22, 26),
(22, 27),
(22, 28),
(22, 249),
(23, 29),
(24, 29),
(25, 30),
(26, 30),
(26, 249),
(27, 31),
(27, 32),
(28, 32),
(28, 137),
(28, 138),
(28, 139),
(28, 140),
(28, 141),
(29, 33),
(29, 34),
(30, 34),
(30, 249),
(31, 35),
(31, 36),
(32, 37),
(34, 38),
(35, 39),
(36, 40),
(38, 41),
(38, 42),
(38, 43),
(39, 44),
(40, 45),
(41, 46),
(42, 46),
(42, 249),
(43, 46),
(43, 249),
(44, 47),
(45, 48),
(46, 48),
(46, 249),
(47, 49),
(47, 50),
(48, 51),
(48, 52),
(48, 53),
(48, 54),
(49, 54),
(50, 54),
(51, 55),
(52, 56),
(53, 57),
(53, 58),
(53, 59),
(53, 60),
(54, 61),
(55, 62),
(55, 249),
(56, 63),
(57, 64),
(58, 65),
(59, 66),
(60, 67),
(61, 68),
(62, 69),
(62, 70),
(63, 71),
(64, 72),
(65, 73),
(66, 74),
(66, 75),
(67, 76),
(68, 77),
(69, 78),
(70, 79),
(72, 80),
(73, 80),
(73, 249),
(74, 80),
(74, 249),
(75, 81),
(76, 82),
(76, 83),
(76, 84),
(76, 85),
(76, 86),
(77, 87),
(78, 88),
(79, 88),
(80, 89),
(81, 90),
(82, 91),
(83, 92),
(84, 92),
(84, 93),
(84, 94),
(84, 95),
(84, 96),
(84, 97),
(84, 249),
(85, 98),
(85, 99),
(85, 100),
(86, 100),
(87, 101),
(88, 102),
(88, 103),
(89, 104),
(90, 105),
(91, 106),
(91, 249),
(92, 106),
(92, 249),
(93, 107),
(93, 108),
(93, 109),
(93, 110),
(94, 111),
(95, 112),
(95, 113),
(95, 114),
(96, 114),
(96, 249),
(97, 115),
(98, 115),
(99, 116),
(99, 117),
(100, 118),
(101, 119),
(102, 119),
(102, 120),
(102, 249),
(103, 121),
(103, 122),
(103, 123),
(103, 124),
(103, 125),
(104, 125),
(104, 126),
(104, 249),
(105, 127),
(105, 128),
(105, 129),
(106, 130),
(106, 131),
(107, 132),
(108, 133),
(108, 134),
(109, 135),
(110, 136),
(111, 142),
(112, 142),
(112, 143),
(112, 144),
(112, 145),
(112, 146),
(112, 147),
(112, 249),
(113, 148),
(114, 149),
(115, 150),
(116, 151),
(116, 152),
(116, 153),
(116, 154),
(116, 155),
(117, 156),
(117, 157),
(117, 158),
(118, 159),
(119, 160),
(120, 161),
(120, 162),
(121, 163),
(122, 164),
(123, 164),
(124, 165),
(124, 166),
(125, 167),
(125, 168),
(125, 169),
(126, 170),
(126, 171),
(126, 172),
(126, 173),
(127, 174),
(128, 175),
(129, 176),
(130, 177),
(130, 178),
(131, 178),
(131, 249),
(132, 179),
(133, 180),
(133, 249),
(134, 181),
(134, 249),
(135, 181),
(135, 249),
(136, 182),
(137, 183),
(138, 184),
(139, 186),
(139, 187),
(140, 188),
(141, 189),
(141, 190),
(142, 191),
(143, 192),
(144, 192),
(144, 249),
(145, 193),
(147, 194),
(148, 195),
(149, 196),
(150, 197),
(151, 198),
(154, 199),
(155, 199),
(155, 200),
(155, 249),
(156, 201),
(156, 202),
(156, 203),
(156, 204),
(157, 205),
(158, 206),
(159, 207),
(160, 208),
(161, 209),
(162, 210),
(164, 211),
(165, 211),
(165, 249),
(168, 212),
(169, 213),
(169, 214),
(170, 214),
(171, 215),
(171, 216),
(172, 216),
(173, 217),
(174, 217),
(174, 249),
(175, 218),
(176, 219),
(176, 220),
(176, 221),
(177, 222),
(177, 223),
(177, 224),
(177, 225),
(178, 225),
(178, 226),
(178, 227),
(178, 228),
(178, 249),
(179, 229),
(180, 230),
(180, 231),
(180, 232),
(181, 232),
(181, 249),
(182, 233),
(183, 234),
(184, 235),
(185, 236),
(186, 237),
(187, 238),
(187, 239),
(188, 240),
(190, 241),
(191, 241),
(191, 249),
(192, 242),
(193, 242),
(193, 249),
(194, 242),
(194, 249),
(195, 243),
(196, 244),
(197, 245),
(198, 246),
(199, 247),
(200, 248),
(201, 248),
(201, 249),
(202, 249);

-- --------------------------------------------------------

--
-- Structure de la table `categorie`
--

CREATE TABLE `categorie` (
  `id_categorie` int(11) NOT NULL,
  `nom_francais` varchar(50) NOT NULL,
  `nom_anglais` varchar(50) NOT NULL
) ENGINE=MyISAM DEFAULT CHARSET=utf8;

--
-- Déchargement des données de la table `categorie`
--

INSERT INTO `categorie` (`id_categorie`, `nom_francais`, `nom_anglais`) VALUES
(1, 'beaux-arts', 'fine arts'),
(2, 'arts décoratifs', 'decorative arts');

-- --------------------------------------------------------

--
-- Structure de la table `commentaire`
--

CREATE TABLE `commentaire` (
  `id_commentaire` int(11) NOT NULL,
  `id_usager` int(11) NOT NULL,
  `id_oeuvre` int(11) NOT NULL,
  `texte` text NOT NULL,
  `signaler` tinyint(1) NOT NULL DEFAULT '0'
) ENGINE=MyISAM DEFAULT CHARSET=utf8;

--
-- Déchargement des données de la table `commentaire`
--

INSERT INTO `commentaire` (`id_commentaire`, `id_usager`, `id_oeuvre`, `texte`, `signaler`) VALUES
(23, 4, 74, 'test', 0),
(24, 4, 74, 'test2', 0),
(28, 4, 111, 'dddd', 1),
(62, 5, 164, 'gg', 0),
(31, 5, 111, 'bb', 0);

-- --------------------------------------------------------

--
-- Structure de la table `endroit`
--

CREATE TABLE `endroit` (
  `id_endroit` int(11) NOT NULL,
  `parc` varchar(100) DEFAULT NULL,
  `batiment` varchar(100) DEFAULT NULL,
  `adresse` varchar(100) DEFAULT NULL,
  `coordonnee_latitude` varchar(15) NOT NULL,
  `coordonnee_longitude` varchar(15) NOT NULL,
  `id_arrondissement` int(11) NOT NULL
) ENGINE=MyISAM DEFAULT CHARSET=utf8;

--
-- Déchargement des données de la table `endroit`
--

INSERT INTO `endroit` (`id_endroit`, `parc`, `batiment`, `adresse`, `coordonnee_latitude`, `coordonnee_longitude`, `id_arrondissement`) VALUES
(1, 'Parc Benny', 'Centre sportif Notre-Dame-de Grâce', '6445, avenue Monkland, Montréal', '45.466405', '-73.631648', 1),
(2, 'Square Dalhousie', '', '', '45.512090', '-73.550979', 2),
(3, 'Jardin botanique', 'Jardin botanique', '4101, rue Sherbrooke Est, Montréal (QC) H1X 2B2', '45.561585', '-73.562673', 3),
(4, 'Intersection des rues Sherbrooke et Saint-Denis', '', '385, rue Sherbrooke Est, Montréal, (QC) H2X 3L1', '45.516907', '-73.567846', 4),
(5, 'Parc Miville-Couture', '', '', '45.516853', '-73.555153', 2),
(6, 'Place Roland-Proulx', '', '', '45.472390', '-73.584704', 5),
(7, 'Place De La Dauversière', '', '', '45.508493', '-73.5533', 2),
(8, 'Parc Jean-Drapeau, Île Notre-Dame', 'Casino de Montréal', '1 Avenue du Casino, Montréal, QC H3C 4W7', '45.506046', '-73.526706', 2),
(9, 'Parc Guglielmo-Marconi', '', '', '45.534752', '-73.617845', 3),
(10, '', 'Maison de la culture Maisonneuve', '4200, rue Ontario Est, Montréal, H1V 1K1', '45.551183', '-73.540539', 6),
(11, '', 'Centre du Plateau', '2275 boul.St-Joseph Est, Montréal, (Qc) H2H 1G4', '45.539713', '-73.576110', 4),
(12, '', 'Hôtel de Ville de Montréal', '275 Rue Notre-Dame Est, Montréal, QC H2Y 1C6', '45.508816', '-73.554069', 2),
(13, '', 'Bibliothèque Mile-End', '5434 Avenue du Parc, Montréal, QC H2V 4G7', '45.521778', '-73.601548', 4),
(14, '', 'Édifice Gaston-Miron', '1210, rue Sherbrooke Est, Montréal (Québec) H2L 1L9', '45.522741', '-73.565331', 2),
(15, '', 'Centre Laurier', '1115 Laurier Est, Montréal', '45.531814', '-73.587131', 4),
(16, 'Parc Marcel-Léger', 'Maison Antoine-Beaudry', '14 678 Rue Notre-Dame Est, Montréal, QC H1A 1W1', '45.676603', '-73.491423', 7),
(17, '', 'Station de pompage centrale (Atwater)', '3161, rue Joseph, Montréal', '45.472308', '-73.572944', 5),
(18, '', 'Bibliothèque interculturelle de Côte-des-Neiges', '6767, chemin de la Côte-des-Neiges, Montréal (Québec) H3S 2T6', '45.503130', '-73.636947', 1),
(19, '', 'Bibliothèque interculturelle de Côte-des-Neiges', '6767, chemin de la Côte-des-Neiges, Montréal, QC, H3T 1Y4', '45.503302', '-73.636776', 1),
(20, 'Parc Dante', '', '', '45.534445', '-73.611721', 3),
(21, 'Parc du Mont-Royal', 'Chalet du parc du Mont-Royal', '1196 Voie Camillien Houde, Montréal, QC H3H 1A1', '45.503909', '-73.587452', 2),
(22, 'Place Vauquelin', '', '', '45.508588', '-73.554655', 2),
(23, 'Parc de West Vancouver', '', '', '45.456655', '-73.542746', 9),
(24, '', 'Le Taz', '8931 Avenue Papineau, Montreal, QC H2M 2G2', '45.560942', '-73.635233', 10),
(25, 'Parc du musée de Lachine', 'Musée de Lachine', '1, chemin du Musée, Lachine (Québec) H8S 4L9', '45.430699', '-73.666113', 11),
(26, 'Parc René-Lévesque', '', '', '45.428480', '-73.682451', 11),
(27, 'Jardin botanique', 'Jardin botanique', '4101, rue Sherbrooke Est, Montréal, Québec, H1X 2B2', '45.558218', '-73.563644', 3),
(28, 'Parc du Mont-Royal', 'Chalet du parc du Mont-Royal', '1196 Voie Camillien Houde, Montréal, QC H3H 1A1', '45.503986', '-73.587585', 2),
(29, 'Parc du Mont-Royal', 'Chalet du parc du Mont-Royal', '1196 Voie Camillien Houde, Montréal, QC H3H 1A1', '45.503969', '-73.587623', 2),
(30, 'Parc du Mont-Royal', 'Chalet du parc du Mont-Royal', '1196 Voie Camillien Houde, Montréal, QC H3H 1A1', '45.503961', '-73.587657', 2),
(31, 'Parc du Mont-Royal', 'Chalet du parc du Mont-Royal', '1196 Voie Camillien Houde, Montréal, QC H3H 1A1', '45.503945', '-73.587697', 2),
(32, 'Parc du Mont-Royal', 'Chalet du parc du Mont-Royal', '1196 Voie Camillien Houde, Montréal, QC H3H 1A1', '45.503918', '-73.587731', 2),
(33, 'Parc du Mont-Royal', 'Chalet du parc du Mont-Royal', '1196 Voie Camillien Houde, Montréal, QC H3H 1A1', '45.503874', '-73.587727', 2),
(34, 'Parc du Mont-Royal', 'Chalet du parc du Mont-Royal', '1196 Voie Camillien Houde, Montréal, QC H3H 1A1', '45.503842', '-73.587707', 2),
(35, '', 'Bibliothèque Rivière-des-Prairies', '9001, boulevard Perras, Montréal, Québec H1E 3J7', '45.649803', '-73.578961', 7),
(36, 'Parc Marguerite-Bourgeoys', '', '', '45.475158', '-73.558862', 5),
(37, 'Place De La Dauversière', '', '', '45.50853', '-73.55342', 2),
(38, '', 'Aréna Maurice-Richard', '2800 Rue Viau, Montréal, QC H1V 3J3', '45.562682', '-73.546957', 6),
(39, 'Parc du Mont-Royal', '', '', '45.507069', '-73.590031', 2),
(40, 'Promenade de la Commune', '', '', '45.508932', '-73.551062', 2),
(41, '', 'Bibliothèque interculturelle de Côte-des-Neiges', '6767, chemin de la Côte-des-Neiges, Montréal (Québec) H3S 2T6', '45.503130', '-73.636947', 1),
(42, 'Square Dorchester', '', '', '45.4994744', '-73.571061', 2),
(43, 'Place du frère André', '', '', '45.503309', '-73.566600', 2),
(44, 'Place Urbain-Baudreau-Graveline', '', '', '45.521709', '-73.565776', 4),
(45, 'Parc du Mont-Royal', '', '', '45.499327', '-73.594604', 2),
(46, 'Parc Jean-Drapeau, Île Sainte-Hélène', '', '', '45.510658', '-73.536837', 2),
(47, 'Parc René-Lévesque', '', '', '45.428752', '-73.683435', 11),
(48, 'Parc du Mont-Royal', '', '', '45.500036', '-73.594996', 2),
(49, 'Parc Serge-Garant', '', 'Rue Beaudry', '45.519070', '-73.556071', 2),
(50, 'Parc du musée de Lachine', 'Musée de Lachine', '1, chemin du Musée, Lachine (Québec) H8S 4L9', '45.430106', '-73.666757', 11),
(51, 'Parc des Rapides', '', '', '45.423958', '-73.598574', 12),
(52, '', 'Centre récréatif Gadbois', '5485, chemin de la Côte-Saint-Paul, Montréal (Québec) H4C 1X3', '45.466425', '-73.595811', 5),
(53, 'Square Cabot', '', '', '45.489490', '-73.583652', 2),
(54, '', 'Centre culturel de Verdun', '5955 Bannantyne, Verdun, Québec, H4H 1H6', '45.448399', '-73.577621', 9),
(55, '', 'Bibliothèque Le Prévost', '7355 Avenue Christophe-Colomb, Montréal, QC H2R 2S5', '45.543774', '-73.614480', 10),
(56, 'Place Émilie-Gamelin', '', '', '45.515449', '-73.560028', 2),
(57, 'Parc du Mont-Royal', '', '', '45.501169', '-73.594040', 2),
(58, 'Parc du musée de Lachine', 'Musée de Lachine', '1, chemin du Musée, Lachine (Québec) H8S 4L9', '45.429875', '-73.666409', 11),
(59, '', 'Usine de filtration Charles-J. des Baillets', '8585, Boulevard De La Vérendrye, LaSalle, Québec, H8N 2K2', '45.425053', '-73.619043', 12),
(60, 'Parc François-Perrault', '', '', '45.562200', '-73.600852', 10),
(61, '', 'Centre Jean-Claude-Malépart', '2633 Ontario Est, Montréal, QC H2K 1W8', '45.534340', '-73.552733', 2),
(62, 'Parc Jarry', '', '', '45.537512', '-73.628020', 10),
(63, 'Parc Fort-Rolland', '', '', '45.433893', '-73.696750', 11),
(64, 'Parc Berthe-Louard', '', '9355, avenue de Galilée', '45.559348', '-73.641608', 13),
(65, 'Parc du Mont-Royal', '', '', '45.505007', '-73.583820', 2),
(66, '', 'Jardin botanique', '4101, rue Sherbrooke Est, Montréal, Québec, H1X 2B2', '45.557281', '-73.555903', 3),
(67, 'Jardin botanique', 'Jardin botanique', '4101, rue Sherbrooke Est, Montréal, Québec, H1X 2B2', '45.558796', '-73.555637', 3),
(68, 'Square Viger', '', '', '45.512075', '-73.554819', 2),
(69, 'Square Viger', '', '', '45.511800', '-73.554681', 2),
(70, 'Parc Claude-Jutra', '', '', '45.513240', '-73.572945', 4),
(71, 'Parc Jean-Drapeau, Île Sainte-Hélène', '', '', '45.512697', '-73.537714', 2),
(72, 'Parc Maisonneuve-Cartier', '', '', '45.523985', '-73.552731', 2),
(73, 'Parc Jean-Drapeau, Île Notre-Dame', '', '', '45.505855', '-73.527741', 2),
(74, 'Parc Mackenzie-King', '', '', '45.491014', '-73.634079', 1),
(75, 'Parc de Turin', '', '', '45.545114', '-73.610194', 10),
(76, '', 'Bibliothèque de Pointe-aux-Trembles', '14001 Rue Notre-Dame Est, Montréal, QC H1A 1T9', '45.668131', '-73.494621', 7),
(77, 'Parc La Fontaine', '', '', '45.526107', '-73.564759', 4),
(78, 'Parc René-Lévesque', '', '', '45.428562', '-73.681682', 11),
(79, 'Parc du Mont-Royal', 'Chalet du parc du Mont-Royal', '1196 Voie Camillien Houde, Montréal, QC H3H 1A1', '45.503819', '-73.587641', 2),
(80, '', 'Chapelle historique du Bon-Pasteur', '100, rue Sherbrooke Est, Montréal (Québec)  H2X 1C3', '45.513427', '-73.546886', 2),
(81, 'Place Félix-Leclerc', '', '', '45.423620', '-73.624915', 12),
(82, 'Parc Hector-Toe-Blake', '', '', '45.489486', '-73.580919', 2),
(83, 'Parc du musée de Lachine', 'Musée de Lachine', '1, chemin du Musée, Lachine (Québec) H8S 4L9', '45.429940', '-73.666844', 11),
(84, '', 'Centre Georges-Vanier', '2450 Rue Workman\rMontréal, Qc', '45.483797', '-73.575105', 5),
(85, '', 'Bibliothèque de Pointe-aux-Trembles', '14001 Rue Notre-Dame Est, Montréal, QC H1A 1T9', '45.668131', '-73.494621', 7),
(86, 'Parc des Rapides', '', '', '45.420052', '-73.603372', 12),
(87, 'Parc Notre-Dame-de Grâce', '', '', '45.472499', '-73.613726', 1),
(88, 'Parc du Mont-Royal', '', '', '45.500911', '-73.593288', 2),
(89, 'Parc du Mont-Royal', 'Chalet du parc du Mont-Royal', '1196 Voie Camillien Houde, Montréal, QC H3H 1A1', '45.503843', '-73.587576', 2),
(90, '', 'Bibliothèque Saint-Pierre', '183, rue des Érables, Lachine (Québec) H8R 1B1', '45.445692', '-73.651331', 11),
(91, '', 'Centre récréatif Gadbois', '5485, chemin de la Côte-Saint-Paul, Montréal (Québec) H4C 1X3', '45.466339', '-73.595615', 5),
(92, '', 'Aréna Maurice-Richard', '2800 Rue Viau, Montréal, QC H1V 3J3', '45.562464', '-73.547304', 6),
(93, '', 'Usine de filtration Charles-J. des Baillets', '8585, Boulevard De La Vérendrye, LaSalle, Québec, H8N 2K2', '45.425053', '-73.619043', 12),
(94, '', 'Bibliothèque Frontenac', '2550 Rue Ontario Est, Montréal, QC H2K 1W7', '45.533042', '-73.551858', 2),
(95, 'Parc Baldwin', '', '', '45.534496', '-73.562238', 4),
(96, 'Parc du Mont-Royal', 'Chalet du parc du Mont-Royal', '1196 Voie Camillien Houde, Montréal, QC H3H 1A1', '45.503877', '-73.587492', 2),
(97, 'Parc du musée de Lachine', 'Musée de Lachine', '1, chemin du Musée, Lachine (Québec) H8S', '45.429983', '-73.666989', 11),
(98, '', 'Centre des arts contemporains du Québec à Montréal', '4247, rue Saint-Dominique, Montréal, Québec H2W 2A9', '45.518992', '-73.581993', 4),
(99, 'Parc Summerlea', '', '', '45.438429', '-73.718209', 11),
(100, 'Parc René-Lévesque', '', '', '45.428448', '-73.680350', 11),
(101, 'Parc du musée de Lachine', 'Musée de Lachine', '1, chemin du Musée, Lachine (Québec) H8S 4L9', '45.429901', '-73.666579', 11),
(102, 'Parc Malborough', '', '2105, rue Beauzèle,\rSaint-Laurent (Montréal)\rQuébec', '45.523012', '-73.721010', 14),
(103, 'Place J.-Ernest-Laforce', '', '', '45.512470', '-73.555461', 2),
(104, 'Parc Jean-Drapeau, Île Sainte-Hélène', '', '', '45.522507', '-73.534649', 2),
(105, 'Square Viger', '', '', '45.513958', '-73.552921', 2),
(106, 'Parc Athéna', '', '', '45.527740', '-73.624282', 10),
(107, 'Parc Devonshire/Place de la Roumanie', '', '', '45.514796', '-73.576459', 4),
(108, '', 'Bibliothèque Saint-Léonard', '8400, boulevard Lacordaire\rSaint-Léonard (Québec)\rH1R 3B1', '45.586472', '-73.597139', 8),
(109, 'Place Roy', '', '', '45.521580', '-73.570456', 4),
(110, 'Parc La Fontaine', '', '', '45.523417', '-73.568557', 4),
(111, 'Parc René-Lévesque', '', '', '45.428373', '-73.681115', 11),
(112, 'Carrefour giratoire des boulevards, René-Lévesque et Ïle-des-Sœurs', '', '', '45.465811', '-73.544778', 9),
(113, '', 'Jardin botanique', '4101, rue Sherbrooke Est, Montréal, Québec, H1X 2B2', '45.560956', '-73.565822', 3),
(114, 'Parc Fort-Rolland', '', '', '45.434760', '-73.699892', 11),
(115, '', 'Aquadôme-Centre aquatique familiale de LaSalle', '1411 Rue Lapierre, LaSalle, QC H8N 2J4', '45.436661', '-73.607768', 12),
(116, 'Place du 6-décembre-1989', '', '', '45.496042', '-73.617702', 1),
(117, '', '', 'Boulevard Henri-Bourassa', '45.600702', '-73.638456', 15),
(118, 'Place Jean-Paul-Riopelle', '', '', '45.503104', '-73.560661', 2),
(119, 'Square Saint-Louis', '', '', '45.516215', '-73.570284', 4),
(120, '', 'Maison culturelle et communautaire de Montréal-Nord', '12 004, boulevard Rolland, Montréal-Nord (Québec), H1W  3W1', '45.616540', '-73.620970', 15),
(121, 'Parc du Mont-Royal', 'Chalet du parc du Mont-Royal', '1196 Voie Camillien Houde, Montréal, QC H3H 1A1', '45.503907', '-73.587428', 2),
(122, 'Parc La Fontaine', '', '', '45.523017', '-73.566328', 4),
(123, 'Parc Outremont', '', '', '45.517753', '-73.604103', 16),
(124, '', 'Maison de la culture Marie-Uguay', '6052, boulevard Monk, Montréal (Québec) H4E 3H6', '45.457694', '-73.595515', 5),
(125, 'Square Saint-Louis', '', '', '45.517388', '-73.569581', 4),
(126, 'De la Commune', '', '', '45.500112', '-73.553427', 2),
(127, 'Square Phillips', '', '', '45.503724', '-73.568507', 2),
(128, 'Parc Jean-Drapeau, Île Notre-Dame', '', '', '45.504307', '-73.526535', 2),
(129, 'Square Dorchester', '', '', '45.499704', '-73.570273', 2),
(130, 'Square Dorchester', '', '', '45.499610', '-73.570967', 2),
(131, 'Parc du Mont-Royal', '', '', '45.514231', '-73.585250', 2),
(132, 'Parc du Mont-Royal', 'Chalet du parc du Mont-Royal', '1196 Voie Camillien Houde, Montréal, QC H3H 1A1', '45.503946', '-73.587378', 2),
(133, 'Parc Jean-Drapeau, Île Notre-Dame', '', '', '45.504995', '-73.529284', 2),
(134, 'Parc Jean-Drapeau, Île Notre-Dame', '', '', '45.505532', '-73.527751', 2),
(135, 'Place Émilie-Gamelin', '', '', '45.51486', '-73.559707', 2),
(136, '', 'Marché Atwater', '138 Avenue Atwater, Montreal, QC H4C 2H6', '45.478839', '-73.575339', 5),
(137, '', 'Bibliothèque Marie-Uguay', '6052 Boulevard Monk, Montréal, QC H4E 3H6', '45.457751', '-73.595486', 5),
(138, 'Parc Belmont', '', '', '45.532697', '-73.725844', 13),
(139, '', 'Bibliothèque Père-Ambroise', '2093, rue de la Visitation, Montréal, QC, H2L 3C9', '45.522767', '-73.562670', 2),
(140, 'Place Gennevilliers-Laliberté', '', '', '45.553561', '-73.539698', 6),
(141, '', 'Bain Morgan', '1875, avenue Morgan \rMontréal (QC) \rH1V 2R1', '45.553359', '-73.538434', 6),
(142, 'Parc La Fontaine', '', '', '45.525594', '-73.573055', 4),
(143, 'Parc Stoney-Point', '', '', '45.436555', '-73.706738', 11),
(144, 'Place des Patriotes', '', '', '45.523411', '-73.546212', 2),
(145, '', 'Centre Jean-Marie Gauvreau', '911, rue Jean-Talon Est, Montréal, H2R 1V5', '45.541376', '-73.613177', 10),
(146, '', 'Maison de la culture Mercier', '8105, rue Hochelaga, Montréal, H1L 2K9', '45.595513', '-73.523788', 6),
(147, 'Intersection des avenues du Président-Kennedy et McGill-College', '', '2001, avenue McGill College', '45.503367', '-73.573689', 2),
(148, 'Parc Beaubien', '', '461 Chemin de la Côte-Sainte-Catherine', '45.515161', '-73.607800', 16),
(149, 'Place du Cardinal-Paul-Émile-Léger', '', '', '45.509549', '-73.561333', 2),
(150, 'Parc La Fontaine', '', '', '45.526717', '-73.571036', 4),
(151, 'Parc Elgar', 'Centre communautaire Elgar', '260 Rue Elgar, Verdun, QC', '45.457215', '-73.547032', 9),
(152, '', 'Jardin botanique', '4101, rue Sherbrooke Est, Montréal, Québec, H1X 2B2', '45.555969', '-73.557184', 3),
(153, '', 'Bibliothèque La Petite-Patrie', '6707 Avenue de Lorimier, Montréal, QC H2G 2P8', '45.547360', '-73.598375', 3),
(154, 'Parc Marcelin-Wilson', '', '', '45.534994', '-73.679998', 13),
(155, 'Parc Alexis-Nihon', '', 'Rue Bertrand', '45.497286', '-73.689694', 14),
(156, 'Promenade Père-Marquette', '', '', '45.432433', '-73.683443', 11),
(157, '', 'Stade olympique', '4545 Pierre-de-Coubertin\rMontréal, Québec', '45.555846', '-73.551088', 6),
(158, 'Place du Commerce', '', '800, rue du Square-Victoria, Montréal, Québec', '45.501193', '-73.561572', 2),
(159, 'Place Marguerite-Bourgeoys', '', '85, rue Notre-Dame est', '45.507373', '-73.555063', 2),
(160, '', '', '6150, avenue Royalmount', '45.485971', '-73.674962', 1),
(161, 'Square Dorchester', '', '', '45.499462', '-73.571571', 2),
(162, 'Parc du musée de Lachine', 'Musée de Lachine', '1, chemin du Musée, Lachine (Québec) H8S 4L9', '45.429964', '-73.666167', 11),
(163, 'Parc René-Lévesque', '', 'Chemin du canal', '45.428754', '-73.682789', 11),
(164, 'Parc du musée de Lachine', 'Musée de Lachine', '1, chemin du Musée, Lachine (Québec) H8S 4L9', '45.429924', '-73.666603', 11),
(165, 'Parc du musée de Lachine', 'Musée de Lachine', '1, chemin du Musée, Lachine (Québec) H8S 4L9\r', '45.429923', '-73.666567', 11),
(166, 'Parc du musée de Lachine', 'Musée de Lachine', '1, chemin du Musée, Lachine (Québec) H8S 4L9', '45.429882', '-73.666570', 11),
(167, 'Parc René-Lévesque', '', '', '45.429123', '-73.681809', 11),
(168, 'Parc Jean-Drapeau, Île Notre-Dame', '', '', '45.505419', '-73.528120', 2),
(169, 'Île de la Visitation', '', '10897, rue Du Pont', '45.575443', '-73.661664', 13),
(170, 'Parc Jean-Drapeau, Île Sainte-Hélène', '', '', '45.513247', '-73.530889', 2),
(171, '', 'Habitations Laurier', '465, rue Gilford\rMontréal, Québec', '45.526861', '-73.586445', 4),
(172, 'Parc du musée de Lachine', 'Musée de Lachine', '1, chemin du Musée, Lachine (Québec) H8S 4L9', '45.430104', '-73.666761', 11),
(173, '', 'Habitations De Maisonneuve', '2485, boulevard de Maisonneuve est\rMontréal, Québec', '45.530132', '-73.548258', 2),
(174, '', 'Habitations Favard', '2066, rue Favard\rMontréal, Québec', '45.477999', '-73.556237', 5),
(175, '', 'Habitations De Mentana', '4110 rue Mentana\rMontréal, Québec', '45.524225', '-73.574470', 4),
(176, '', 'Bibliothèque du Plateau-Mont-Royal', '465 Avenue du Mont-Royal Est, Montréal, QC H2J 1W3', '45.524831', '-73.582313', 4),
(177, '', 'Bibliothèque du Plateau-Mont-Royal', '465 Avenue du Mont-Royal Est, Montréal, QC H2J 1W3', '45.524831', '-73.582313', 4),
(178, 'Parc Stoney-Point', '', '', '45.435609', '-73.706410', 11),
(179, '', 'Bibliothèque Parc-Extension', '421, rue Saint-Roch, H3N 1K2', '45.531255', '-73.628576', 10),
(180, 'Place Gérald-Godin', '', '4433-4435-4437, rue Rivard, Place Gérald Godin', '45.524229', '-73.581463', 4),
(181, 'De la Gauchetière', '', '', '45.507074', '-73.560927', 2),
(182, 'Parc René-Lévesque', '', '', '45.427985', '-73.679242', 11),
(183, 'Boulevard Saint-Joseph', '', '', '45.433725', '-73.685529', 11),
(184, 'Parc du Souvenir', 'Hôtel de Ville arrondissement de Verdun', '4555 rue de Verdun', '45.458882', '-73.572314', 9),
(185, 'Promenade des artistes', '', '', '45.509963', '-73.567202', 2),
(186, '', 'Aréna Maurice-Richard', '2800 Rue Viau, Montréal, QC H1V 3J3', '45.562464', '-73.547304', 6),
(187, '', 'Centre Pierre-Charbonneau', '3000 Rue Viau, Montréal, QC H1V 3J3', '45.562047', '-73.550076', 6),
(188, 'Place D’Youville', '', '', '45.501361', '-73.555219', 2),
(189, '', '', '', '45.476015', '-73.573449', 5),
(190, 'Parc Marcelin-Wilson', '', '', '45.534506', '-73.678436', 13),
(191, 'Parc du musée de Lachine', 'Musée de Lachine', '1, chemin du Musée, Lachine (Québec) H8S 4L9', '45.430542', '-73.666852', 11),
(192, '', 'Centre culturel de Verdun', '5955 Bannantyne, Verdun, Québec, H4H 1H6', '45.448586', '-73.577611', 9),
(193, 'Parc Philippe-Laheurte', '', '', '45.505415', '-73.718634', 14),
(194, 'Place Jacques-Cartier', '', '', '45.508186', '-73.553845', 2),
(195, 'Parc René-Lévesque', '', '', '45.427777', '-73.676973', 11),
(196, 'Parc Outremont', '', '', '45.517895', '-73.604464', 16),
(197, 'Parc René-Lévesque', '', '', '45.428946', '-73.682977', 11),
(198, 'Parc Molson', '', '', '45.549062', '-73.592662', 3),
(199, '', 'Usine de filtration Charles-J. des Baillets', '8585, Boulevard De La Vérendrye, LaSalle, Québec, H8N 2K2', '45.425053', '-73.619043', 12),
(200, '', 'Bibliothèque de Pierrefonds', '13555, boulevard de Pierrefonds', '45.495937', '-73.847429', 18),
(201, 'Square Saint-Louis', '', '', '45.517041', '-73.569964', 4),
(202, 'Square Sir-George-Étienne-Cartier', '', '', '45.473413', '-73.586390', 5),
(203, 'Promenade Père-Marquette', '', '', '45.431119', '-73.673413', 11),
(204, 'Parc René-Lévesque', '', '', '45.428916', '-73.682227', 11),
(205, '', 'Usine de filtration Charles-J. des Baillets', '8585, Boulevard De La Vérendrye, LaSalle, Québec, H8N 2K2', '45.425053', '-73.619043', 12),
(206, 'Parc René-Lévesque', '', '', '45.428743', '-73.686001', 11),
(207, 'Parc Monk', '', '', '45.431031', '-73.670124', 11),
(208, 'Parc René-Lévesque', '', '', '45.428215', '-73.678237', 11),
(209, '', 'Hôtel de Ville de Montréal', '275 Rue Notre-Dame Est, Montréal, QC H2Y 1C6', '45.508816', '-73.554069', 2),
(210, '', 'Maison de la culture Pointe-aux-Trembles', '14001, rue Notre-Dame Est, Montréal, H1A 1T9', '45.668073', '-73.494782', 7),
(211, 'De la Gauchetière', '', '', '45.506907', '-73.560590', 2),
(212, '', 'Chalet du parc Étienne Desmarteaux', '3800, rue Beaubien est, Montréal, QC H1X 2T1', '45.559685', '-73.581582', 3),
(213, 'Parc des Hommes-Forts', '', '', '45.475382', '-73.593225', 5),
(214, 'Parc du Mont-Royal', 'Chalet du parc du Mont-Royal', '1196 Voie Camillien Houde, Montréal, QC H3H 1A1', '45.503965', '-73.587328', 2),
(215, 'Square Viger', '', '', '45.511042', '-73.554960', 2),
(216, 'Parc du Mont-Royal', '', '', '45.499994', '-73.594489', 2),
(217, 'Parc du Mont-Royal', 'Chalet du parc du Mont-Royal', '1196 Voie Camillien Houde, Montréal, QC H3H 1A1', '45.503995', '-73.587278', 2),
(218, 'Parc Sir-Wilfrid-Laurier', '', '', '45.531079', '-73.586023', 4),
(219, 'Jardin botanique', 'Jardin botanique', '4101, rue Sherbrooke Est, Montréal, Québec, H1X 2B2', '45.560483', '-73.558557', 3),
(220, 'Parc de la Promenade-Bellerive', '', '', '45.604249', '-73.509548', 6),
(221, 'Parc René-Lévesque', '', '', '45.428890', '-73.680853', 11),
(222, 'Parc du Mont-Royal', '', '', '45.500025', '-73.594055', 2),
(223, '', 'Bibliothèque Côte-des-Neiges', '5290, chemin de la Côte-des-Neiges, Montréal, QC, H3T 1Y2', '45.496073', '-73.622116', 1),
(224, '', 'Maison de la culture Notre-Dame-de-Grâce', '3755, rue Botrel, Montréal, H4A 3G8', '45.475605', '-73.614587', 1),
(225, 'Parc René-Lévesque', '', '', '45.429161', '-73.688205', 11),
(226, 'Parc René-Lévesque', '', '', '45.428482', '-73.677576', 11),
(227, 'Parc Jean-Drapeau, Île Sainte-Hélène', '', '', '45.520049', '-73.532032', 2),
(228, 'Parc Jean-Drapeau, Île Sainte-Hélène', '', '', '45.514075', '-73.534655', 2),
(229, 'Parc René-Lévesque', '', '', '45.428749', '-73.687124', 11),
(230, 'Parc Noël-Sud', '', '', '45.516350', '-73.725394', 14),
(231, 'Parc Saint-Laurent', '', '', '45.527273', '-73.686882', 14),
(232, '', 'Centre Léonard de Vinci', '8371, boulevard Lacordaire, Montréal', '45.585723', '-73.596644', 8),
(233, 'Parc du musée de Lachine', 'Musée de Lachine', '1, chemin du Musée, Lachine (Québec) H8S 4L9', '45.430429', '-73.666229', 11),
(234, 'Place Upper-Trafalgar', '', '', '45.495832', '-73.596190', 2),
(235, 'Parc Jean-Drapeau, Île Sainte-Hélène', '', '', '45.511015', '-73.533386', 2),
(236, 'Place Norman-Bethune', '', '', '45.495970', '-73.579460', 2),
(237, 'Parc du Mont-Royal', '', '', '45.500500', '-73.594335', 2),
(238, 'Parc du Mont-Royal', '', '', '45.499881', '-73.594816', 2),
(239, 'Parc du Mont-Royal', '', '', '45.500421', '-73.593759', 2),
(240, 'Parc Ladauversière', '', '', '45.582048', '-73.582485', 8),
(241, 'Parc du Mont-Royal', 'Chalet du parc du Mont-Royal', '1196 Voie Camillien Houde, Montréal, QC H3H 1A1', '45.504020', '-73.587238', 2),
(242, 'Promenade de la Commune', '', '', '45.508180', '-73.551290', 2),
(243, 'Square Viger', '', '', '45.512625', '-73.553821', 2),
(244, '', 'Centre Pierre-Charbonneau', '3000 Rue Viau, Montréal, QC H1V 3J3', '45.562047', '-73.550076', 6),
(245, '', 'Planétarium Rio Tinto Alcan de Montréal', '4801, avenue Pierre-De Coubertin, Montréal  Québec  H1V 3V4', '45.560641', '-73.549375', 6),
(246, 'Parc du Mont-Royal', 'Chalet du parc du Mont-Royal', '1196 Voie Camillien Houde, Montréal, QC H3H 1A1', '45.504105', '-73.587259', 2),
(247, 'Parc Hector-Toe-Blake', '', '', '45.489365', '-73.580891', 2),
(248, 'Parc du musée de Lachine', 'Musée de Lachine', '1, chemin du Musée, Lachine (Québec) H8S 4L9', '45.430317', '-73.666315', 11),
(249, 'Parc Jean-Drapeau, Île Sainte-Hélène', '', '', '45.509335', '-73.532705', 2),
(250, 'Place de l’an 2000', '', '', '45.516024', '-73.679906', 14),
(251, 'Parc du Mont-Royal', '', '', '45.500095', '-73.595506', 2),
(252, 'Square Saint-Louis', '', '', '45.517612', '-73.569411', 4),
(253, 'Jardin botanique', 'Jardin botanique', '4101, rue Sherbrooke Est, Montréal, Québec, H1X 2B2', '45.560966', '-73.564589', 3),
(254, 'Square Saint-Louis', '', '', '45.517421', '-73.569295', 4),
(255, 'Parc Saint-Léonard', '', '', '45.586578', '-73.595143', 8),
(256, 'Parc Labelle', '', '', '45.472525', '-73.570481', 9),
(257, 'Parc René-Lévesque', '', '', '45.428688', '-73.684251', 11),
(258, 'Parc Caron', '', '', '45.521679', '-73.671706', 14),
(259, 'Parc Summerlea', '', '', '45.437485', '-73.714281', 11),
(260, '', 'Planétarium Rio Tinto Alcan de Montréal', '4801, avenue Pierre-De Coubertin, Montréal  Québec  H1V 3V4', '45.560805', '-73.549767', 6),
(261, 'Parc René-Lévesque', '', '', '45.428096', '-73.677199', 11),
(262, 'Parc Summerlea', '', '', '45.438513', '-73.719208', 11),
(263, 'Parc René-Lévesque', '', '', '45.428603', '-73.678586', 11),
(264, '', 'Édifice Gaston-Miron', '1210, rue Sherbrooke Est, Montréal (Québec) H2L 1L9', '45.522741', '-73.565331', 2),
(265, 'Parc du Mont-Royal', 'Pavillon du lac aux Castors', '2000, chemin Remembrance, Montréal (Québec) H3H 1A2', '45.498526', '-73.599161', 2),
(266, 'Parc Jean-Duceppe', '', '', '45.543529', '-73.566053', 3),
(267, 'Square Saint-Henri', '', '', '45.480058', '-73.586269', 5),
(268, 'Jardin botanique', 'Jardin botanique', '4101, rue Sherbrooke Est, Montréal, Québec, H1X 2B2', '45.556163', '-73.558294', 3),
(269, 'Place du Canada', '', '', '45.498786', '-73.569638', 2),
(270, 'Boulevard LaSalle', '', '', '45.432687', '-73.588115', 12),
(271, 'Parc René-Lévesque', '', '', '45.428971', '-73.681205', 11),
(272, 'Jardin botanique', 'Jardin botanique', '4101, rue Sherbrooke Est, Montréal, Québec, H1X 2B2', '45.559703', '-73.556911', 3),
(273, 'Parc du Mont-Royal', '', '', '45.499908', '-73.594361', 2),
(274, 'Square Victoria', '', '', '45.501421', '-73.561586', 2),
(275, '', 'Bibliothèque Marc-Favreau', '500 Boulevard Rosemont, Montréal, Qc H2S 0C4', '45.531832', '-73.597543', 3),
(276, '', 'Aréna Garon', '11212 Rue Garon, Montréal-Nord, QC', '45.594994', '-73.637955', 15),
(277, '', 'Bibliothèque du Boisé', '2727 Boulevard Thimens, Montréal, QC H4R 1T4', '45.504072', '-73.705185', 14),
(278, 'Boulevard Albert-Brosseau', '', '', '45.603186', '-73.642556', 15),
(279, '', 'Planétarium Rio Tinto Alcan de Montréal', '4801, avenue Pierre-De Coubertin, Montréal  Québec  H1V 3V4', '45.560735', '-73.550116', 6),
(280, '', 'La Station (Maison intergénérationnelle)', '201, rue Berlioz, Verdun (Québec) H3C 1C1', '45.460134', '-73.544592', 9),
(281, 'Place Kate-McGarrigle', '', '', '45.517594', '-73.597311', 16),
(282, 'Place Raymond-Plante', '', '780, boulevard Rosemont, Montréal, H2S 0A7', '45.533555', '-73.596281', 3),
(283, 'Carrefour Henri-Bourassa–Pie-IX', '', '', '45.596262', '-73.642587 ', 15),
(284, 'Parc Benny', 'Centre sportif Notre-Dame-de Grâce', '6445, avenue Monkland, Montréal', '45.466405', '-73.631648', 1),
(285, 'Square Dalhousie', '', '', '45.512090', '-73.550979', 2),
(286, 'Jardin botanique', 'Jardin botanique', '4101, rue Sherbrooke Est, Montréal (QC) H1X 2B2', '45.561585', '-73.562673', 3),
(287, 'Intersection des rues Sherbrooke et Saint-Denis', '', '385, rue Sherbrooke Est, Montréal, (QC) H2X 3L1', '45.516907', '-73.567846', 4),
(288, 'Parc Miville-Couture', '', '', '45.516853', '-73.555153', 2),
(289, 'Place Roland-Proulx', '', '', '45.472390', '-73.584704', 5),
(290, 'Place De La Dauversière', '', '', '45.508493', '-73.5533', 2),
(291, 'Parc Jean-Drapeau, Île Notre-Dame', 'Casino de Montréal', '1 Avenue du Casino, Montréal, QC H3C 4W7', '45.506046', '-73.526706', 2),
(292, 'Parc Guglielmo-Marconi', '', '', '45.534752', '-73.617845', 3),
(293, '', 'Maison de la culture Maisonneuve', '4200, rue Ontario Est, Montréal, H1V 1K1', '45.551183', '-73.540539', 6),
(294, '', 'Centre du Plateau', '2275 boul.St-Joseph Est, Montréal, (Qc) H2H 1G4', '45.539713', '-73.576110', 4),
(295, '', 'Hôtel de Ville de Montréal', '275 Rue Notre-Dame Est, Montréal, QC H2Y 1C6', '45.508816', '-73.554069', 2),
(296, 'Parc Marcel-Léger', 'Maison Antoine-Beaudry', '14 678 Rue Notre-Dame Est, Montréal, QC H1A 1W1', '45.676603', '-73.491423', 7),
(297, '', 'Station de pompage centrale (Atwater)', '3161, rue Joseph, Montréal', '45.472308', '-73.572944', 5),
(298, '', 'Bibliothèque interculturelle de Côte-des-Neiges', '6767, chemin de la Côte-des-Neiges, Montréal (Québec) H3S 2T6', '45.503130', '-73.636947', 1),
(299, '', 'Bibliothèque interculturelle de Côte-des-Neiges', '6767, chemin de la Côte-des-Neiges, Montréal, QC, H3T 1Y4', '45.503302', '-73.636776', 1),
(300, 'Parc Dante', '', '', '45.534445', '-73.611721', 3),
(301, 'Parc du Mont-Royal', 'Chalet du parc du Mont-Royal', '1196 Voie Camillien Houde, Montréal, QC H3H 1A1', '45.503909', '-73.587452', 2),
(302, 'Place Vauquelin', '', '', '45.508588', '-73.554655', 2),
(303, 'Parc de West Vancouver', '', '', '45.456655', '-73.542746', 9),
(304, '', 'Le Taz', '8931 Avenue Papineau, Montreal, QC H2M 2G2', '45.560942', '-73.635233', 10),
(305, 'Parc du musée de Lachine', 'Musée de Lachine', '1, chemin du Musée, Lachine (Québec) H8S 4L9', '45.430699', '-73.666113', 11),
(306, 'Parc René-Lévesque', '', '', '45.428480', '-73.682451', 11),
(307, 'Jardin botanique', 'Jardin botanique', '4101, rue Sherbrooke Est, Montréal, Québec, H1X 2B2', '45.558218', '-73.563644', 3),
(308, 'Parc du Mont-Royal', 'Chalet du parc du Mont-Royal', '1196 Voie Camillien Houde, Montréal, QC H3H 1A1', '45.503986', '-73.587585', 2),
(309, 'Parc du Mont-Royal', 'Chalet du parc du Mont-Royal', '1196 Voie Camillien Houde, Montréal, QC H3H 1A1', '45.503969', '-73.587623', 2),
(310, 'Parc du Mont-Royal', 'Chalet du parc du Mont-Royal', '1196 Voie Camillien Houde, Montréal, QC H3H 1A1', '45.503961', '-73.587657', 2),
(311, 'Parc du Mont-Royal', 'Chalet du parc du Mont-Royal', '1196 Voie Camillien Houde, Montréal, QC H3H 1A1', '45.503945', '-73.587697', 2),
(312, 'Parc du Mont-Royal', 'Chalet du parc du Mont-Royal', '1196 Voie Camillien Houde, Montréal, QC H3H 1A1', '45.503918', '-73.587731', 2),
(313, 'Parc du Mont-Royal', 'Chalet du parc du Mont-Royal', '1196 Voie Camillien Houde, Montréal, QC H3H 1A1', '45.503874', '-73.587727', 2),
(314, 'Parc du Mont-Royal', 'Chalet du parc du Mont-Royal', '1196 Voie Camillien Houde, Montréal, QC H3H 1A1', '45.503842', '-73.587707', 2),
(315, '', 'Bibliothèque Rivière-des-Prairies', '9001, boulevard Perras, Montréal, Québec H1E 3J7', '45.649803', '-73.578961', 7),
(316, 'Parc Marguerite-Bourgeoys', '', '', '45.475158', '-73.558862', 5),
(317, 'Place De La Dauversière', '', '', '45.50853', '-73.55342', 2),
(318, '', 'Aréna Maurice-Richard', '2800 Rue Viau, Montréal, QC H1V 3J3', '45.562682', '-73.546957', 6),
(319, 'Parc du Mont-Royal', '', '', '45.507069', '-73.590031', 2),
(320, 'Promenade de la Commune', '', '', '45.508932', '-73.551062', 2),
(321, '', 'Bibliothèque interculturelle de Côte-des-Neiges', '6767, chemin de la Côte-des-Neiges, Montréal (Québec) H3S 2T6', '45.503130', '-73.636947', 1),
(322, 'Square Dorchester', '', '', '45.4994744', '-73.571061', 2),
(323, 'Place du frère André', '', '', '45.503309', '-73.566600', 2),
(324, 'Place Urbain-Baudreau-Graveline', '', '', '45.521709', '-73.565776', 4),
(325, 'Parc Jean-Drapeau, Île Sainte-Hélène', '', '', '45.510658', '-73.536837', 2),
(326, 'Parc René-Lévesque', '', '', '45.428752', '-73.683435', 11),
(327, 'Parc Serge-Garant', '', 'Rue Beaudry', '45.519070', '-73.556071', 2),
(328, 'Parc du musée de Lachine', 'Musée de Lachine', '1, chemin du Musée, Lachine (Québec) H8S 4L9', '45.430106', '-73.666757', 11),
(329, 'Parc des Rapides', '', '', '45.423958', '-73.598574', 12),
(330, '', 'Centre récréatif Gadbois', '5485, chemin de la Côte-Saint-Paul, Montréal (Québec) H4C 1X3', '45.466425', '-73.595811', 5),
(331, 'Square Cabot', '', '', '45.489490', '-73.583652', 2),
(332, '', 'Centre culturel de Verdun', '5955 Bannantyne, Verdun, Québec, H4H 1H6', '45.448399', '-73.577621', 9),
(333, '', 'Bibliothèque Le Prévost', '7355 Avenue Christophe-Colomb, Montréal, QC H2R 2S5', '45.543774', '-73.614480', 10),
(334, 'Place Émilie-Gamelin', '', '', '45.515449', '-73.560028', 2),
(335, 'Parc du Mont-Royal', '', '', '45.501169', '-73.594040', 2),
(336, 'Parc du musée de Lachine', 'Musée de Lachine', '1, chemin du Musée, Lachine (Québec) H8S 4L9', '45.429875', '-73.666409', 11),
(337, '', 'Usine de filtration Charles-J. des Baillets', '8585, Boulevard De La Vérendrye, LaSalle, Québec, H8N 2K2', '45.425053', '-73.619043', 12),
(338, 'Parc François-Perrault', '', '', '45.562200', '-73.600852', 10),
(339, '', 'Centre Jean-Claude-Malépart', '2633 Ontario Est, Montréal, QC H2K 1W8', '45.534340', '-73.552733', 2),
(340, 'Parc Jarry', '', '', '45.537512', '-73.628020', 10),
(341, 'Parc Fort-Rolland', '', '', '45.433893', '-73.696750', 11),
(342, 'Parc Berthe-Louard', '', '9355, avenue de Galilée', '45.559348', '-73.641608', 13),
(343, 'Parc du Mont-Royal', '', '', '45.505007', '-73.583820', 2),
(344, '', 'Jardin botanique', '4101, rue Sherbrooke Est, Montréal, Québec, H1X 2B2', '45.557281', '-73.555903', 3),
(345, 'Jardin botanique', 'Jardin botanique', '4101, rue Sherbrooke Est, Montréal, Québec, H1X 2B2', '45.558796', '-73.555637', 3),
(346, 'Square Viger', '', '', '45.512075', '-73.554819', 2),
(347, 'Square Viger', '', '', '45.511800', '-73.554681', 2),
(348, 'Parc Claude-Jutra', '', '', '45.513240', '-73.572945', 4),
(349, 'Parc Jean-Drapeau, Île Sainte-Hélène', '', '', '45.512697', '-73.537714', 2),
(350, 'Parc Maisonneuve-Cartier', '', '', '45.523985', '-73.552731', 2),
(351, 'Parc Jean-Drapeau, Île Notre-Dame', '', '', '45.505855', '-73.527741', 2),
(352, 'Parc Mackenzie-King', '', '', '45.491014', '-73.634079', 1),
(353, 'Parc de Turin', '', '', '45.545114', '-73.610194', 10),
(354, '', 'Bibliothèque de Pointe-aux-Trembles', '14001 Rue Notre-Dame Est, Montréal, QC H1A 1T9', '45.668131', '-73.494621', 7),
(355, 'Parc La Fontaine', '', '', '45.526107', '-73.564759', 4),
(356, 'Parc René-Lévesque', '', '', '45.428562', '-73.681682', 11),
(357, 'Parc du Mont-Royal', 'Chalet du parc du Mont-Royal', '1196 Voie Camillien Houde, Montréal, QC H3H 1A1', '45.503819', '-73.587641', 2),
(358, '', 'Chapelle historique du Bon-Pasteur', '100, rue Sherbrooke Est, Montréal (Québec)  H2X 1C3', '45.513427', '-73.546886', 2),
(359, 'Place Félix-Leclerc', '', '', '45.423620', '-73.624915', 12),
(360, 'Parc Hector-Toe-Blake', '', '', '45.489486', '-73.580919', 2),
(361, 'Parc du musée de Lachine', 'Musée de Lachine', '1, chemin du Musée, Lachine (Québec) H8S 4L9', '45.429940', '-73.666844', 11),
(362, '', 'Centre Georges-Vanier', '2450 Rue Workman\rMontréal, Qc', '45.483797', '-73.575105', 5),
(363, '', 'Bibliothèque de Pointe-aux-Trembles', '14001 Rue Notre-Dame Est, Montréal, QC H1A 1T9', '45.668131', '-73.494621', 7),
(364, 'Parc des Rapides', '', '', '45.420052', '-73.603372', 12),
(365, 'Parc Notre-Dame-de Grâce', '', '', '45.472499', '-73.613726', 1),
(366, 'Parc du Mont-Royal', '', '', '45.500911', '-73.593288', 2),
(367, 'Parc du Mont-Royal', 'Chalet du parc du Mont-Royal', '1196 Voie Camillien Houde, Montréal, QC H3H 1A1', '45.503843', '-73.587576', 2),
(368, '', 'Centre récréatif Gadbois', '5485, chemin de la Côte-Saint-Paul, Montréal (Québec) H4C 1X3', '45.466339', '-73.595615', 5),
(369, '', 'Usine de filtration Charles-J. des Baillets', '8585, Boulevard De La Vérendrye, LaSalle, Québec, H8N 2K2', '45.425053', '-73.619043', 12),
(370, '', 'Bibliothèque Frontenac', '2550 Rue Ontario Est, Montréal, QC H2K 1W7', '45.533042', '-73.551858', 2),
(371, 'Parc Baldwin', '', '', '45.534496', '-73.562238', 4),
(372, 'Parc du Mont-Royal', 'Chalet du parc du Mont-Royal', '1196 Voie Camillien Houde, Montréal, QC H3H 1A1', '45.503877', '-73.587492', 2),
(373, 'Parc du musée de Lachine', 'Musée de Lachine', '1, chemin du Musée, Lachine (Québec) H8S', '45.429983', '-73.666989', 11),
(374, '', 'Centre des arts contemporains du Québec à Montréal', '4247, rue Saint-Dominique, Montréal, Québec H2W 2A9', '45.518992', '-73.581993', 4),
(375, 'Parc Summerlea', '', '', '45.438429', '-73.718209', 11),
(376, 'Parc René-Lévesque', '', '', '45.428448', '-73.680350', 11),
(377, 'Parc du musée de Lachine', 'Musée de Lachine', '1, chemin du Musée, Lachine (Québec) H8S 4L9', '45.429901', '-73.666579', 11),
(378, 'Parc Malborough', '', '2105, rue Beauzèle,\rSaint-Laurent (Montréal)\rQuébec', '45.523012', '-73.721010', 14),
(379, 'Place J.-Ernest-Laforce', '', '', '45.512470', '-73.555461', 2),
(380, 'Parc Jean-Drapeau, Île Sainte-Hélène', '', '', '45.522507', '-73.534649', 2),
(381, 'Square Viger', '', '', '45.513958', '-73.552921', 2),
(382, 'Parc Athéna', '', '', '45.527740', '-73.624282', 10),
(383, 'Parc Devonshire/Place de la Roumanie', '', '', '45.514796', '-73.576459', 4),
(384, '', 'Bibliothèque Saint-Léonard', '8400, boulevard Lacordaire\rSaint-Léonard (Québec)\rH1R 3B1', '45.586472', '-73.597139', 8),
(385, 'Place Roy', '', '', '45.521580', '-73.570456', 4),
(386, 'Parc La Fontaine', '', '', '45.523417', '-73.568557', 4),
(387, 'Parc René-Lévesque', '', '', '45.428373', '-73.681115', 11),
(388, 'Carrefour giratoire des boulevards, René-Lévesque et Ïle-des-Sœurs', '', '', '45.465811', '-73.544778', 9),
(389, '', 'Jardin botanique', '4101, rue Sherbrooke Est, Montréal, Québec, H1X 2B2', '45.560956', '-73.565822', 3),
(390, 'Parc Fort-Rolland', '', '', '45.434760', '-73.699892', 11),
(391, '', 'Aquadôme-Centre aquatique familiale de LaSalle', '1411 Rue Lapierre, LaSalle, QC H8N 2J4', '45.436661', '-73.607768', 12),
(392, 'Place du 6-décembre-1989', '', '', '45.496042', '-73.617702', 1),
(393, '', '', 'Boulevard Henri-Bourassa', '45.600702', '-73.638456', 15),
(394, 'Place Jean-Paul-Riopelle', '', '', '45.503104', '-73.560661', 2),
(395, 'Square Saint-Louis', '', '', '45.516215', '-73.570284', 4),
(396, '', 'Maison culturelle et communautaire de Montréal-Nord', '12 004, boulevard Rolland, Montréal-Nord (Québec), H1W  3W1', '45.616540', '-73.620970', 15),
(397, 'Parc du Mont-Royal', 'Chalet du parc du Mont-Royal', '1196 Voie Camillien Houde, Montréal, QC H3H 1A1', '45.503907', '-73.587428', 2),
(398, 'Parc La Fontaine', '', '', '45.523017', '-73.566328', 4),
(399, 'Parc Outremont', '', '', '45.517753', '-73.604103', 16),
(400, '', 'Maison de la culture Marie-Uguay', '6052, boulevard Monk, Montréal (Québec) H4E 3H6', '45.457694', '-73.595515', 5),
(401, 'Square Saint-Louis', '', '', '45.517388', '-73.569581', 4),
(402, 'De la Commune', '', '', '45.500112', '-73.553427', 2),
(403, 'Square Phillips', '', '', '45.503724', '-73.568507', 2),
(404, 'Parc Jean-Drapeau, Île Notre-Dame', '', '', '45.504307', '-73.526535', 2),
(405, 'Square Dorchester', '', '', '45.499704', '-73.570273', 2),
(406, 'Square Dorchester', '', '', '45.499610', '-73.570967', 2),
(407, 'Parc du Mont-Royal', '', '', '45.514231', '-73.585250', 2),
(408, 'Parc du Mont-Royal', 'Chalet du parc du Mont-Royal', '1196 Voie Camillien Houde, Montréal, QC H3H 1A1', '45.503946', '-73.587378', 2),
(409, 'Parc Jean-Drapeau, Île Notre-Dame', '', '', '45.504995', '-73.529284', 2),
(410, 'Parc Jean-Drapeau, Île Notre-Dame', '', '', '45.505532', '-73.527751', 2),
(411, 'Place Émilie-Gamelin', '', '', '45.51486', '-73.559707', 2),
(412, '', 'Marché Atwater', '138 Avenue Atwater, Montreal, QC H4C 2H6', '45.478839', '-73.575339', 5),
(413, '', 'Bibliothèque Marie-Uguay', '6052 Boulevard Monk, Montréal, QC H4E 3H6', '45.457751', '-73.595486', 5),
(414, 'Parc Belmont', '', '', '45.532697', '-73.725844', 13),
(415, '', 'Bibliothèque Père-Ambroise', '2093, rue de la Visitation, Montréal, QC, H2L 3C9', '45.522767', '-73.562670', 2),
(416, 'Place Gennevilliers-Laliberté', '', '', '45.553561', '-73.539698', 6),
(417, '', 'Bain Morgan', '1875, avenue Morgan \rMontréal (QC) \rH1V 2R1', '45.553359', '-73.538434', 6),
(418, 'Parc La Fontaine', '', '', '45.525594', '-73.573055', 4),
(419, 'Parc Stoney-Point', '', '', '45.436555', '-73.706738', 11),
(420, 'Place des Patriotes', '', '', '45.523411', '-73.546212', 2),
(421, '', 'Centre Jean-Marie Gauvreau', '911, rue Jean-Talon Est, Montréal, H2R 1V5', '45.541376', '-73.613177', 10),
(422, '', 'Maison de la culture Mercier', '8105, rue Hochelaga, Montréal, H1L 2K9', '45.595513', '-73.523788', 6),
(423, 'Intersection des avenues du Président-Kennedy et McGill-College', '', '2001, avenue McGill College', '45.503367', '-73.573689', 2),
(424, 'Parc Beaubien', '', '461 Chemin de la Côte-Sainte-Catherine', '45.515161', '-73.607800', 16),
(425, 'Place du Cardinal-Paul-Émile-Léger', '', '', '45.509549', '-73.561333', 2),
(426, 'Parc La Fontaine', '', '', '45.526717', '-73.571036', 4),
(427, 'Parc Elgar', 'Centre communautaire Elgar', '260 Rue Elgar, Verdun, QC', '45.457215', '-73.547032', 9),
(428, '', 'Jardin botanique', '4101, rue Sherbrooke Est, Montréal, Québec, H1X 2B2', '45.555969', '-73.557184', 3),
(429, '', 'Bibliothèque La Petite-Patrie', '6707 Avenue de Lorimier, Montréal, QC H2G 2P8', '45.547360', '-73.598375', 3),
(430, 'Parc Marcelin-Wilson', '', '', '45.534994', '-73.679998', 13),
(431, 'Parc Alexis-Nihon', '', 'Rue Bertrand', '45.497286', '-73.689694', 14),
(432, 'Promenade Père-Marquette', '', '', '45.432433', '-73.683443', 11),
(433, '', 'Stade olympique', '4545 Pierre-de-Coubertin\rMontréal, Québec', '45.555846', '-73.551088', 6),
(434, 'Place du Commerce', '', '800, rue du Square-Victoria, Montréal, Québec', '45.501193', '-73.561572', 2),
(435, 'Place Marguerite-Bourgeoys', '', '85, rue Notre-Dame est', '45.507373', '-73.555063', 2),
(436, '', '', '6150, avenue Royalmount', '45.485971', '-73.674962', 1),
(437, 'Square Dorchester', '', '', '45.499462', '-73.571571', 2),
(438, 'Parc du musée de Lachine', 'Musée de Lachine', '1, chemin du Musée, Lachine (Québec) H8S 4L9', '45.429964', '-73.666167', 11),
(439, 'Parc René-Lévesque', '', 'Chemin du canal', '45.428754', '-73.682789', 11),
(440, 'Parc du musée de Lachine', 'Musée de Lachine', '1, chemin du Musée, Lachine (Québec) H8S 4L9', '45.429924', '-73.666603', 11),
(441, 'Parc du musée de Lachine', 'Musée de Lachine', '1, chemin du Musée, Lachine (Québec) H8S 4L9\r', '45.429923', '-73.666567', 11),
(442, 'Parc du musée de Lachine', 'Musée de Lachine', '1, chemin du Musée, Lachine (Québec) H8S 4L9', '45.429882', '-73.666570', 11),
(443, 'Parc René-Lévesque', '', '', '45.429123', '-73.681809', 11),
(444, 'Parc Jean-Drapeau, Île Notre-Dame', '', '', '45.505419', '-73.528120', 2),
(445, 'Île de la Visitation', '', '10897, rue Du Pont', '45.575443', '-73.661664', 13),
(446, 'Parc Jean-Drapeau, Île Sainte-Hélène', '', '', '45.513247', '-73.530889', 2),
(447, '', 'Habitations Laurier', '465, rue Gilford\rMontréal, Québec', '45.526861', '-73.586445', 4),
(448, 'Parc du musée de Lachine', 'Musée de Lachine', '1, chemin du Musée, Lachine (Québec) H8S 4L9', '45.430104', '-73.666761', 11),
(449, '', 'Habitations De Maisonneuve', '2485, boulevard de Maisonneuve est\rMontréal, Québec', '45.530132', '-73.548258', 2),
(450, '', 'Habitations Favard', '2066, rue Favard\rMontréal, Québec', '45.477999', '-73.556237', 5),
(451, '', 'Habitations De Mentana', '4110 rue Mentana\rMontréal, Québec', '45.524225', '-73.574470', 4),
(452, '', 'Bibliothèque du Plateau-Mont-Royal', '465 Avenue du Mont-Royal Est, Montréal, QC H2J 1W3', '45.524831', '-73.582313', 4),
(453, 'Parc Stoney-Point', '', '', '45.435609', '-73.706410', 11),
(454, '', 'Bibliothèque Parc-Extension', '421, rue Saint-Roch, H3N 1K2', '45.531255', '-73.628576', 10),
(455, 'Place Gérald-Godin', '', '4433-4435-4437, rue Rivard, Place Gérald Godin', '45.524229', '-73.581463', 4),
(456, 'De la Gauchetière', '', '', '45.507074', '-73.560927', 2),
(457, 'Parc René-Lévesque', '', '', '45.427985', '-73.679242', 11),
(458, 'Boulevard Saint-Joseph', '', '', '45.433725', '-73.685529', 11),
(459, 'Parc du Souvenir', 'Hôtel de Ville arrondissement de Verdun', '4555 rue de Verdun', '45.458882', '-73.572314', 9),
(460, 'Promenade des artistes', '', '', '45.509963', '-73.567202', 2),
(461, '', 'Aréna Maurice-Richard', '2800 Rue Viau, Montréal, QC H1V 3J3', '45.562464', '-73.547304', 6),
(462, '', 'Centre Pierre-Charbonneau', '3000 Rue Viau, Montréal, QC H1V 3J3', '45.562047', '-73.550076', 6),
(463, 'Place D’Youville', '', '', '45.501361', '-73.555219', 2),
(464, '', '', '', '45.476015', '-73.573449', 5),
(465, 'Parc Marcelin-Wilson', '', '', '45.534506', '-73.678436', 13),
(466, 'Parc du musée de Lachine', 'Musée de Lachine', '1, chemin du Musée, Lachine (Québec) H8S 4L9', '45.430542', '-73.666852', 11),
(467, '', 'Centre culturel de Verdun', '5955 Bannantyne, Verdun, Québec, H4H 1H6', '45.448586', '-73.577611', 9),
(468, 'Parc Philippe-Laheurte', '', '', '45.505415', '-73.718634', 14),
(469, 'Place Jacques-Cartier', '', '', '45.508186', '-73.553845', 2),
(470, 'Parc René-Lévesque', '', '', '45.427777', '-73.676973', 11),
(471, 'Parc Outremont', '', '', '45.517895', '-73.604464', 16),
(472, 'Parc René-Lévesque', '', '', '45.428946', '-73.682977', 11),
(473, 'Parc Molson', '', '', '45.549062', '-73.592662', 3),
(474, '', 'Usine de filtration Charles-J. des Baillets', '8585, Boulevard De La Vérendrye, LaSalle, Québec, H8N 2K2', '45.425053', '-73.619043', 12),
(475, '', 'Bibliothèque de Pierrefonds', '13555, boulevard de Pierrefonds', '45.495937', '-73.847429', 18),
(476, 'Square Saint-Louis', '', '', '45.517041', '-73.569964', 4),
(477, 'Square Sir-George-Étienne-Cartier', '', '', '45.473413', '-73.586390', 5),
(478, 'Promenade Père-Marquette', '', '', '45.431119', '-73.673413', 11),
(479, 'Parc René-Lévesque', '', '', '45.428916', '-73.682227', 11),
(480, '', 'Usine de filtration Charles-J. des Baillets', '8585, Boulevard De La Vérendrye, LaSalle, Québec, H8N 2K2', '45.425053', '-73.619043', 12),
(481, 'Parc René-Lévesque', '', '', '45.428743', '-73.686001', 11),
(482, 'Parc Monk', '', '', '45.431031', '-73.670124', 11),
(483, 'Parc René-Lévesque', '', '', '45.428215', '-73.678237', 11),
(484, '', 'Hôtel de Ville de Montréal', '275 Rue Notre-Dame Est, Montréal, QC H2Y 1C6', '45.508816', '-73.554069', 2),
(485, '', 'Maison de la culture Pointe-aux-Trembles', '14001, rue Notre-Dame Est, Montréal, H1A 1T9', '45.668073', '-73.494782', 7),
(486, 'De la Gauchetière', '', '', '45.506907', '-73.560590', 2),
(487, '', 'Chalet du parc Étienne Desmarteaux', '3800, rue Beaubien est, Montréal, QC H1X 2T1', '45.559685', '-73.581582', 3),
(488, 'Parc des Hommes-Forts', '', '', '45.475382', '-73.593225', 5),
(489, 'Parc du Mont-Royal', 'Chalet du parc du Mont-Royal', '1196 Voie Camillien Houde, Montréal, QC H3H 1A1', '45.503965', '-73.587328', 2),
(490, 'Square Viger', '', '', '45.511042', '-73.554960', 2),
(491, 'Parc du Mont-Royal', 'Chalet du parc du Mont-Royal', '1196 Voie Camillien Houde, Montréal, QC H3H 1A1', '45.503995', '-73.587278', 2),
(492, 'Parc Sir-Wilfrid-Laurier', '', '', '45.531079', '-73.586023', 4),
(493, 'Jardin botanique', 'Jardin botanique', '4101, rue Sherbrooke Est, Montréal, Québec, H1X 2B2', '45.560483', '-73.558557', 3),
(494, 'Parc de la Promenade-Bellerive', '', '', '45.604249', '-73.509548', 6),
(495, 'Parc René-Lévesque', '', '', '45.428890', '-73.680853', 11),
(496, '', 'Maison de la culture Notre-Dame-de-Grâce', '3755, rue Botrel, Montréal, H4A 3G8', '45.475605', '-73.614587', 1),
(497, 'Parc René-Lévesque', '', '', '45.429161', '-73.688205', 11),
(498, 'Parc René-Lévesque', '', '', '45.428482', '-73.677576', 11),
(499, 'Parc Jean-Drapeau, Île Sainte-Hélène', '', '', '45.520049', '-73.532032', 2),
(500, 'Parc Jean-Drapeau, Île Sainte-Hélène', '', '', '45.514075', '-73.534655', 2),
(501, 'Parc René-Lévesque', '', '', '45.428749', '-73.687124', 11),
(502, 'Parc Noël-Sud', '', '', '45.516350', '-73.725394', 14),
(503, 'Parc Saint-Laurent', '', '', '45.527273', '-73.686882', 14),
(504, '', 'Centre Léonard de Vinci', '8371, boulevard Lacordaire, Montréal', '45.585723', '-73.596644', 8),
(505, 'Parc du musée de Lachine', 'Musée de Lachine', '1, chemin du Musée, Lachine (Québec) H8S 4L9', '45.430429', '-73.666229', 11),
(506, 'Place Upper-Trafalgar', '', '', '45.495832', '-73.596190', 2),
(507, 'Parc Jean-Drapeau, Île Sainte-Hélène', '', '', '45.511015', '-73.533386', 2),
(508, 'Place Norman-Bethune', '', '', '45.495970', '-73.579460', 2),
(509, 'Parc du Mont-Royal', '', '', '45.499881', '-73.594816', 2),
(510, 'Parc du Mont-Royal', '', '', '45.500421', '-73.593759', 2),
(511, 'Parc du Mont-Royal', 'Chalet du parc du Mont-Royal', '1196 Voie Camillien Houde, Montréal, QC H3H 1A1', '45.504020', '-73.587238', 2),
(512, 'Promenade de la Commune', '', '', '45.508180', '-73.551290', 2),
(513, 'Square Viger', '', '', '45.512625', '-73.553821', 2),
(514, '', 'Centre Pierre-Charbonneau', '3000 Rue Viau, Montréal, QC H1V 3J3', '45.562047', '-73.550076', 6),
(515, '', 'Planétarium Rio Tinto Alcan de Montréal', '4801, avenue Pierre-De Coubertin, Montréal  Québec  H1V 3V4', '45.560641', '-73.549375', 6),
(516, 'Parc du Mont-Royal', 'Chalet du parc du Mont-Royal', '1196 Voie Camillien Houde, Montréal, QC H3H 1A1', '45.504105', '-73.587259', 2),
(517, 'Parc Hector-Toe-Blake', '', '', '45.489365', '-73.580891', 2),
(518, 'Parc du musée de Lachine', 'Musée de Lachine', '1, chemin du Musée, Lachine (Québec) H8S 4L9', '45.430317', '-73.666315', 11),
(519, 'Parc Jean-Drapeau, Île Sainte-Hélène', '', '', '45.509335', '-73.532705', 2),
(520, 'Place de l’an 2000', '', '', '45.516024', '-73.679906', 14),
(521, 'Parc du Mont-Royal', '', '', '45.500095', '-73.595506', 2),
(522, 'Square Saint-Louis', '', '', '45.517612', '-73.569411', 4),
(523, 'Jardin botanique', 'Jardin botanique', '4101, rue Sherbrooke Est, Montréal, Québec, H1X 2B2', '45.560966', '-73.564589', 3),
(524, 'Parc Saint-Léonard', '', '', '45.586578', '-73.595143', 8),
(525, 'Parc Labelle', '', '', '45.472525', '-73.570481', 9),
(526, 'Parc René-Lévesque', '', '', '45.428688', '-73.684251', 11),
(527, 'Parc Caron', '', '', '45.521679', '-73.671706', 14),
(528, 'Parc Summerlea', '', '', '45.437485', '-73.714281', 11),
(529, '', 'Planétarium Rio Tinto Alcan de Montréal', '4801, avenue Pierre-De Coubertin, Montréal  Québec  H1V 3V4', '45.560805', '-73.549767', 6),
(530, 'Parc René-Lévesque', '', '', '45.428096', '-73.677199', 11),
(531, 'Parc Summerlea', '', '', '45.438513', '-73.719208', 11),
(532, 'Parc René-Lévesque', '', '', '45.428603', '-73.678586', 11),
(533, '', 'Édifice Gaston-Miron', '1210, rue Sherbrooke Est, Montréal (Québec) H2L 1L9', '45.522741', '-73.565331', 2),
(534, 'Parc du Mont-Royal', 'Pavillon du lac aux Castors', '2000, chemin Remembrance, Montréal (Québec) H3H 1A2', '45.498526', '-73.599161', 2),
(535, 'Parc Jean-Duceppe', '', '', '45.543529', '-73.566053', 3),
(536, 'Square Saint-Henri', '', '', '45.480058', '-73.586269', 5),
(537, 'Jardin botanique', 'Jardin botanique', '4101, rue Sherbrooke Est, Montréal, Québec, H1X 2B2', '45.556163', '-73.558294', 3),
(538, 'Place du Canada', '', '', '45.498786', '-73.569638', 2),
(539, 'Boulevard LaSalle', '', '', '45.432687', '-73.588115', 12);
INSERT INTO `endroit` (`id_endroit`, `parc`, `batiment`, `adresse`, `coordonnee_latitude`, `coordonnee_longitude`, `id_arrondissement`) VALUES
(540, 'Parc René-Lévesque', '', '', '45.428971', '-73.681205', 11),
(541, 'Jardin botanique', 'Jardin botanique', '4101, rue Sherbrooke Est, Montréal, Québec, H1X 2B2', '45.559703', '-73.556911', 3),
(542, 'Square Victoria', '', '', '45.501421', '-73.561586', 2),
(543, '', 'Bibliothèque Marc-Favreau', '500 Boulevard Rosemont, Montréal, Qc H2S 0C4', '45.531832', '-73.597543', 3),
(544, '', 'Aréna Garon', '11212 Rue Garon, Montréal-Nord, QC', '45.594994', '-73.637955', 15),
(545, '', 'Bibliothèque du Boisé', '2727 Boulevard Thimens, Montréal, QC H4R 1T4', '45.504072', '-73.705185', 14),
(546, 'Boulevard Albert-Brosseau', '', '', '45.603186', '-73.642556', 15),
(547, '', 'Planétarium Rio Tinto Alcan de Montréal', '4801, avenue Pierre-De Coubertin, Montréal  Québec  H1V 3V4', '45.560735', '-73.550116', 6),
(548, '', 'La Station (Maison intergénérationnelle)', '201, rue Berlioz, Verdun (Québec) H3C 1C1', '45.460134', '-73.544592', 9),
(549, 'Place Kate-McGarrigle', '', '', '45.517594', '-73.597311', 16),
(550, 'Place Raymond-Plante', '', '780, boulevard Rosemont, Montréal, H2S 0A7', '45.533555', '-73.596281', 3),
(551, 'Carrefour Henri-Bourassa–Pie-IX', '', '', '45.596262', '-73.642587 ', 15),
(552, 'Parc du Mont-Royal', 'Chalet du parc du Mont-Royal', '1196 Voie Camillien Houde, Montréal, QC H3H 1A1', '45.503909', '-73.587452', 2),
(553, 'Parc du musée de Lachine', 'Musée de Lachine', '1, chemin du Musée, Lachine (Québec) H8S 4L9', '45.430699', '-73.666113', 11),
(554, 'Parc du Mont-Royal', 'Chalet du parc du Mont-Royal', '1196 Voie Camillien Houde, Montréal, QC H3H 1A1', '45.503961', '-73.587657', 2),
(555, 'Parc du Mont-Royal', 'Chalet du parc du Mont-Royal', '1196 Voie Camillien Houde, Montréal, QC H3H 1A1', '45.503874', '-73.587727', 2),
(556, 'Parc Marguerite-Bourgeoys', '', '', '45.475158', '-73.558862', 5),
(557, '', 'Bibliothèque interculturelle de Côte-des-Neiges', '6767, chemin de la Côte-des-Neiges, Montréal (Québec) H3S 2T6', '45.503130', '-73.636947', 1),
(558, '', 'Bibliothèque Le Prévost', '7355 Avenue Christophe-Colomb, Montréal, QC H2R 2S5', '45.543774', '-73.614480', 10),
(559, 'Place Émilie-Gamelin', '', '', '45.515449', '-73.560028', 2),
(560, '', 'Usine de filtration Charles-J. des Baillets', '8585, Boulevard De La Vérendrye, LaSalle, Québec, H8N 2K2', '45.425053', '-73.619043', 12),
(561, 'Parc Jean-Drapeau, Île Notre-Dame', '', '', '45.505855', '-73.527741', 2),
(562, '', 'Usine de filtration Charles-J. des Baillets', '8585, Boulevard De La Vérendrye, LaSalle, Québec, H8N 2K2', '45.425053', '-73.619043', 12),
(563, '', 'Bibliothèque Frontenac', '2550 Rue Ontario Est, Montréal, QC H2K 1W7', '45.533042', '-73.551858', 2),
(564, 'Parc Baldwin', '', '', '45.534496', '-73.562238', 4),
(565, '', 'Bibliothèque Saint-Léonard', '8400, boulevard Lacordaire\rSaint-Léonard (Québec)\rH1R 3B1', '45.586472', '-73.597139', 8),
(566, 'Parc Outremont', '', '', '45.517753', '-73.604103', 16),
(567, '', 'Maison de la culture Marie-Uguay', '6052, boulevard Monk, Montréal (Québec) H4E 3H6', '45.457694', '-73.595515', 5),
(568, 'Parc du Mont-Royal', 'Chalet du parc du Mont-Royal', '1196 Voie Camillien Houde, Montréal, QC H3H 1A1', '45.503946', '-73.587378', 2),
(569, 'Parc Belmont', '', '', '45.532697', '-73.725844', 13),
(570, '', 'Centre Jean-Marie Gauvreau', '911, rue Jean-Talon Est, Montréal, H2R 1V5', '45.541376', '-73.613177', 10),
(571, 'Parc du musée de Lachine', 'Musée de Lachine', '1, chemin du Musée, Lachine (Québec) H8S 4L9', '45.429964', '-73.666167', 11),
(572, '', 'Usine de filtration Charles-J. des Baillets', '8585, Boulevard De La Vérendrye, LaSalle, Québec, H8N 2K2', '45.425053', '-73.619043', 12),
(573, 'Square Sir-George-Étienne-Cartier', '', '', '45.473413', '-73.586390', 5),
(574, 'Parc René-Lévesque', '', '', '45.428916', '-73.682227', 11),
(575, '', 'Usine de filtration Charles-J. des Baillets', '8585, Boulevard De La Vérendrye, LaSalle, Québec, H8N 2K2', '45.425053', '-73.619043', 12),
(576, 'Parc du Mont-Royal', 'Chalet du parc du Mont-Royal', '1196 Voie Camillien Houde, Montréal, QC H3H 1A1', '45.503965', '-73.587328', 2),
(577, 'Parc René-Lévesque', '', '', '45.429161', '-73.688205', 11),
(578, 'Parc du Mont-Royal', '', '', '45.500421', '-73.593759', 2),
(579, 'Parc du Mont-Royal', 'Chalet du parc du Mont-Royal', '1196 Voie Camillien Houde, Montréal, QC H3H 1A1', '45.504105', '-73.587259', 2),
(580, 'Parc Labelle', '', '', '45.472525', '-73.570481', 9),
(581, '', 'Édifice Gaston-Miron', '1210, rue Sherbrooke Est, Montréal (Québec) H2L 1L9', '45.522741', '-73.565331', 2),
(582, '', 'Aréna Garon', '11212 Rue Garon, Montréal-Nord, QC', '45.594994', '-73.637955', 15),
(583, 'Place Raymond-Plante', '', '780, boulevard Rosemont, Montréal, H2S 0A7', '45.533555', '-73.596281', 3);

-- --------------------------------------------------------

--
-- Structure de la table `favoris`
--

CREATE TABLE `favoris` (
  `id_usager` int(11) NOT NULL,
  `id_oeuvre` int(11) NOT NULL
) ENGINE=MyISAM DEFAULT CHARSET=utf8;

-- --------------------------------------------------------

--
-- Structure de la table `image`
--

CREATE TABLE `image` (
  `id_image` int(11) NOT NULL,
  `nom_fichier` varchar(50) NOT NULL,
  `id_oeuvre` int(11) NOT NULL
) ENGINE=MyISAM DEFAULT CHARSET=utf8;

-- --------------------------------------------------------

--
-- Structure de la table `materiaux`
--

CREATE TABLE `materiaux` (
  `id_materiaux` int(11) NOT NULL,
  `nom_francais` varchar(100) NOT NULL,
  `nom_anglais` varchar(100) NOT NULL
) ENGINE=MyISAM DEFAULT CHARSET=utf8;

--
-- Déchargement des données de la table `materiaux`
--

INSERT INTO `materiaux` (`id_materiaux`, `nom_francais`, `nom_anglais`) VALUES
(1, 'bronze', 'bronze'),
(2, 'acier corten', 'corten steel'),
(3, 'granit', 'granite'),
(4, 'ciment', 'cement'),
(5, 'fer', 'iron'),
(6, 'peinture', 'paint'),
(7, 'calcaire', 'limestone'),
(8, 'acier inoxydable', 'stainless steel'),
(9, 'verre trempé', 'tempered glass'),
(10, 'aluminium', 'aluminum'),
(11, 'del', 'led'),
(12, 'verre, plexiglas', 'glass'),
(13, 'papier', 'paper'),
(14, 'acier', 'steel'),
(15, 'acier (feuille)', 'steel (sheet)'),
(16, 'acier brut, acier peint', 'raw steel, painted steel'),
(17, 'acier peint', 'painted steel'),
(18, 'tissu', 'fabric'),
(19, 'bois', 'wood'),
(20, 'aluminium, manganèse et chrome poli (jeu de ficelle)', 'aluminum, manganese and chrome plating (cat’s-cradle)'),
(21, 'acier intempérique ou corten (maisons)', 'weathered or corten steel (houses)'),
(22, 'plâtre', 'plaster'),
(23, 'livre', 'book'),
(24, 'feutre', 'felt'),
(25, 'marbre', 'marble'),
(26, 'nylon', 'nylon'),
(27, 'béton armé', 'reinforced concrete'),
(28, 'aluminium peint', 'painted aluminum'),
(29, 'schiste', 'schist'),
(30, 'céramique', 'ceramics'),
(31, 'travertin', 'travertine'),
(32, 'pierre', 'stone'),
(33, 'silicone', 'silicone'),
(34, 'béton', 'concrete'),
(35, 'pierre de rivière-à-pierre', 'rivière-à-pierre stone'),
(36, 'béton, laiton', 'concrete, brass'),
(37, 'arbustes', 'shrubs'),
(38, 'encre de sérigraphie', 'silkscreen ink'),
(39, 'granit vert laurentien', 'laurentian green granite'),
(40, 'plantes indigènes', 'indigenous plants'),
(41, 'fonte', 'cast iron'),
(42, 'pavés', 'cobblestones'),
(43, 'eau', 'water'),
(44, 'bronze, lumière', 'bronze, light'),
(45, 'laiton', 'brass'),
(46, 'émail', 'enamel'),
(47, 'acier galvanisé', 'galvanized steel'),
(48, 'béton, acier inoxydable', 'concrete, stainless steel'),
(49, 'époxy', 'epoxy'),
(50, 'miroir', 'mirror'),
(51, 'métal', 'metal'),
(52, 'anorthosite', 'anorthosite'),
(53, 'acier galvanisé, aluminium anodisé', 'galvanized steel, anodized aluminum'),
(54, 'plexiglas', 'plexiglas'),
(55, 'acier chromé', 'chrome-plated steel'),
(56, 'lumière', 'light'),
(57, 'néon', 'neon'),
(58, 'brique', 'brick'),
(59, 'mortier', 'mortar'),
(60, 'luminaire', 'lighting fixture'),
(61, 'serrureries', 'ironwork'),
(62, 'revêtement plastique', 'plastic coating'),
(63, 'structure métallique', 'metallic structure'),
(64, 'bruyère', 'heather'),
(65, 'graminées', 'grass'),
(66, 'bronze chromé', 'chrome-plated bronze'),
(67, 'végétaux', 'plants'),
(68, 'asphalte', 'asphalt'),
(69, 'criblure granitique', 'granite screenings'),
(70, 'grès', 'sandstone'),
(71, 'plomb', 'lead'),
(72, 'fibre de verre', 'fiber glass'),
(73, 'résine', 'resin'),
(74, 'verre, acier', 'glass, steel'),
(75, 'arbres', 'trees'),
(76, 'ciment (base)', 'cement (base)'),
(77, 'aluminium, granit, béton', 'aluminum, granite, concrete'),
(78, 'pierres', 'stones'),
(79, 'gravier', 'gravel'),
(80, 'limaille de bronze', 'bronze filings'),
(81, 'ardoise', 'slate'),
(82, 'matériaux divers', 'various materials'),
(83, 'argile', 'clay'),
(84, 'pigments métalliques', 'metallic pigments'),
(85, 'gesso', 'gesso'),
(86, 'granit naturel', 'natural granite'),
(87, 'peinture époxy', 'epoxy paint'),
(88, 'acier galvanisé, pierre', 'galvanized steel, stone'),
(89, 'acier intempérique', 'weatherized steel'),
(90, 'acier brut', 'raw steel'),
(91, 'acrylique', 'acrylic'),
(92, 'cuivre', 'copper'),
(93, 'pierre indiana', 'indiana stone'),
(94, 'acier inoxydable, acier corten', 'stainless steel, corten steel'),
(95, 'calcite', 'calcite'),
(96, 'pigments', 'pigments'),
(97, 'acier brut, béton', 'raw steel, concrete'),
(98, 'résine de copolyester', 'copolyester resin'),
(99, 'impression', 'print'),
(100, 'béton ductal', ''),
(101, 'aluminium, acier galvanisé, acier inoxydable, plexiglas, del', 'aluminum, galvanized steel and stainless steel, plexiglas, leds');

-- --------------------------------------------------------

--
-- Structure de la table `oeuvre`
--

CREATE TABLE `oeuvre` (
  `id_oeuvre` int(11) NOT NULL,
  `titre` varchar(50) NOT NULL,
  `dimension` varchar(50) NOT NULL,
  `description` text,
  `id_categorie` int(11) NOT NULL,
  `id_support` int(11) DEFAULT NULL,
  `id_endroit` int(11) NOT NULL,
  `image` varchar(150) NOT NULL DEFAULT '/art-pub-mtl/img/placeholder_640_480.jpg'
) ENGINE=MyISAM DEFAULT CHARSET=utf8;

--
-- Déchargement des données de la table `oeuvre`
--

INSERT INTO `oeuvre` (`id_oeuvre`, `titre`, `dimension`, `description`, `id_categorie`, `id_support`, `id_endroit`, `image`) VALUES
(1, 'source', '549 x 466 x 466 cm', '', 1, 1, 284, '/art-pub-mtl/img/placeholder_640_480.jpg'),
(2, 'porte de jour', '298 x 350 x 1070 cm', '', 1, 2, 285, '/art-pub-mtl/img/placeholder_640_480.jpg'),
(3, 'regarder les pommetiers', '294 x 600 x 182', '', 1, 2, 286, '/art-pub-mtl/img/placeholder_640_480.jpg'),
(4, 'le malheureux magnifique', '340 x 235 x 310', '', 1, 1, 287, '/art-pub-mtl/img/placeholder_640_480.jpg'),
(5, 'les clochards célestes', '640 x 250 x 420 cm', '', 1, 1, 288, '/art-pub-mtl/img/placeholder_640_480.jpg'),
(6, 'discours du roi poète', '233 x 56 x 63 cm', '', 1, 1, 289, '/art-pub-mtl/img/placeholder_640_480.jpg'),
(7, 'hommage à jérôme le royer de la dauversière', '84 x 193 x 81', '', 1, 1, 290, '/art-pub-mtl/img/placeholder_640_480.jpg'),
(8, 'obélisque oblique', '546 x 160 x 190', '', 1, 1, 291, '/art-pub-mtl/img/placeholder_640_480.jpg'),
(9, 'la source', '', '', 1, 1, 292, '/art-pub-mtl/img/placeholder_640_480.jpg'),
(10, 'vous êtes ici', '3000 x 1000 cm', '', 1, 2, 293, '/art-pub-mtl/img/placeholder_640_480.jpg'),
(11, 'non titré (murale en relief et sculpture)', '', '', 1, 1, 294, '/art-pub-mtl/img/placeholder_640_480.jpg'),
(12, 'non titré (vitraux)', '', '', 2, 3, 295, '/art-pub-mtl/img/placeholder_640_480.jpg'),
(13, 'non titré (murale inuit)', '', '', 1, 4, 295, '/art-pub-mtl/img/placeholder_640_480.jpg'),
(14, 'non titré (murale peinte)', '', '', 1, 4, 296, '/art-pub-mtl/img/placeholder_640_480.jpg'),
(15, 'non titré (fontaine, mosaïque)', '', '', 2, 5, 297, '/art-pub-mtl/img/placeholder_640_480.jpg'),
(16, 'bibliotheca universalis', '', '', 1, 6, 298, '/art-pub-mtl/img/bibli.jpg'),
(17, 'chibouki', '122 x 122cm', '', 1, 6, 299, '/art-pub-mtl/img/placeholder_640_480.jpg'),
(18, 'la mort de dante', '390 x 250 x 210 cm', '', 1, 1, 300, '/art-pub-mtl/img/placeholder_640_480.jpg'),
(19, 'monument à jean vauquelin', '680cm x 400 cm x 400 cm approximatif', '', 1, 1, 302, '/art-pub-mtl/img/placeholder_640_480.jpg'),
(20, 'smoke and steel', '260 x 60 x 90 cm', '', 1, 1, 302, '/art-pub-mtl/img/placeholder_640_480.jpg'),
(21, 'le cycliste', '425 x 140 x 539 cm', '', 1, 1, 303, '/art-pub-mtl/img/placeholder_640_480.jpg'),
(22, 'contournement', '', '', 1, 1, 304, '/art-pub-mtl/img/placeholder_640_480.jpg'),
(23, 'vire au vent', '495 x 610 x 295 cm', '', 1, 1, 306, '/art-pub-mtl/img/placeholder_640_480.jpg'),
(24, 'sans titre', '150 x 150 x 52 cm', '', 1, 1, 307, '/art-pub-mtl/img/placeholder_640_480.jpg'),
(25, 'carte du site de montréal par champlain en 1611', '', '', 1, 4, 308, '/art-pub-mtl/img/placeholder_640_480.jpg'),
(26, 'les anciennes possessions françaises en amérique', '', '', 1, 4, 309, '/art-pub-mtl/img/placeholder_640_480.jpg'),
(27, 'montréal de 1645 à 1672', '', '', 1, 4, 311, '/art-pub-mtl/img/placeholder_640_480.jpg'),
(28, 'montréal en 1760', '', '', 1, 4, 312, '/art-pub-mtl/img/placeholder_640_480.jpg'),
(29, 'jacques cartier est reçu par le chef agouhana', '', '', 1, 4, 314, '/art-pub-mtl/img/placeholder_640_480.jpg'),
(30, 'parades parures', '574 x 81 x 10 cm', '', 1, 7, 315, '/art-pub-mtl/img/placeholder_640_480.jpg'),
(31, 'monument à jean drapeau', '287 x 200 x 200 cm', '', 1, 1, 317, '/art-pub-mtl/img/placeholder_640_480.jpg'),
(32, 'hommage à maurice richard', '221 x 327 x 182 cm', '', 1, 1, 318, '/art-pub-mtl/img/placeholder_640_480.jpg'),
(33, 'la montagne des jours', '153 x 8 cm', '', 1, 1, 319, '/art-pub-mtl/img/placeholder_640_480.jpg'),
(34, 'mémoire ardente', '197 x 197 x 197', '', 1, 1, 320, '/art-pub-mtl/img/placeholder_640_480.jpg'),
(35, 'monument à sir wilfrid laurier', '622 x 490 x 106 cm', '', 1, 1, 322, '/art-pub-mtl/img/placeholder_640_480.jpg'),
(36, 'monument au frère andré', '301 x 120 x 50cm', '', 1, 1, 323, '/art-pub-mtl/img/placeholder_640_480.jpg'),
(37, 'neuf couleurs au vent', '1650 x 110 x 2510 cm', '', 1, 2, 324, '/art-pub-mtl/img/placeholder_640_480.jpg'),
(38, 'table ronde', '', '', 1, 2, 324, '/art-pub-mtl/img/placeholder_640_480.jpg'),
(39, 'trois disques', '2130 x 2200 x 1625 cm', '', 1, 1, 325, '/art-pub-mtl/img/placeholder_640_480.jpg'),
(40, 'hermès', '320 x 370 x 570 cm', '', 1, 1, 326, '/art-pub-mtl/img/placeholder_640_480.jpg'),
(41, 'non titré', '700 x 82.5 x 82.5 cm', '', 1, 1, 327, '/art-pub-mtl/img/placeholder_640_480.jpg'),
(42, 'trilogie', '380 x 366 x 366 cm', '', 1, 1, 328, '/art-pub-mtl/img/placeholder_640_480.jpg'),
(43, 'communion', '335 x 427 x 853cm', '', 1, 1, 329, '/art-pub-mtl/img/placeholder_640_480.jpg'),
(44, 'non titré (mosaïque en céramique)', '381 x 554 cm', '', 2, 8, 330, '/art-pub-mtl/img/placeholder_640_480.jpg'),
(45, 'monument à giovanni caboto', '875 x 800 x 800', '', 1, 1, 331, '/art-pub-mtl/img/placeholder_640_480.jpg'),
(46, 'la femme-fontaine', '183,50 x 57,50 x 40,70 cm', '', 1, 1, 332, '/art-pub-mtl/img/placeholder_640_480.jpg'),
(47, 'le carrousel sauvage', '315 x 1828 cm', '', 1, 1, 335, '/art-pub-mtl/img/placeholder_640_480.jpg'),
(48, 'décor', '134 x 65 x 97 cm', '', 1, 1, 336, '/art-pub-mtl/img/placeholder_640_480.jpg'),
(49, 'le mélomane', '', '', 1, 1, 338, '/art-pub-mtl/img/placeholder_640_480.jpg'),
(50, 'mélangez le tout', '580 x 365 cm', '', 1, 1, 339, '/art-pub-mtl/img/placeholder_640_480.jpg'),
(51, 'caesura', '500 x 1100 x 1450 cm', '', 1, 2, 340, '/art-pub-mtl/img/CAESURA.jpg'),
(52, 'theatre for sky blocks', '300 x 250 x 1000 cm', '', 1, 2, 341, '/art-pub-mtl/img/placeholder_640_480.jpg'),
(53, 'les graminées du jardin saint-sulpice', '244 x 1000', '', 1, 2, 342, '/art-pub-mtl/img/placeholder_640_480.jpg'),
(54, 'give peace a chance', '2300 x 640 cm', '', 1, 2, 343, '/art-pub-mtl/img/placeholder_640_480.jpg'),
(55, 'monument au frère marie-victorin', '295  x 140  x 140 cm', '', 1, 1, 344, '/art-pub-mtl/img/placeholder_640_480.jpg'),
(56, 'le lion de la feuillée', '210 x 230 x 400 cm', '', 1, 1, 345, '/art-pub-mtl/img/placeholder_640_480.jpg'),
(57, 'agora', '762 x 762 x 762 cm', '', 1, 2, 346, '/art-pub-mtl/img/agora.jpg'),
(58, 'mastodo', '420 x 580 x 610 cm', '', 1, 1, 347, '/art-pub-mtl/img/placeholder_640_480.jpg'),
(59, 'cailloudo', '132 x 425 x 760 cm', '', 1, 1, 347, '/art-pub-mtl/img/CAILLOUDO.jpg'),
(60, 'hommage à claude jutra', '250 x 75 x 70 cm', '', 1, 1, 348, '/art-pub-mtl/img/placeholder_640_480.jpg'),
(61, 'la ville imaginaire', '1900 x 1800 x 2750 cm', '', 1, 2, 349, '/art-pub-mtl/img/placeholder_640_480.jpg'),
(62, 'révolutions', '850 x 500 cm', '', 1, 1, 350, '/art-pub-mtl/img/placeholder_640_480.jpg'),
(63, 'buste du dr. josé p. rizal', '238 x 148 x 135 cm', '', 1, 1, 352, '/art-pub-mtl/img/jose.jpg'),
(64, 'monument à christophe colomb', '272 x 116 x 94 cm', '', 1, 1, 353, '/art-pub-mtl/img/placeholder_640_480.jpg'),
(65, 'cosmos', '185 x 677 x 5 cm', '', 1, 4, 354, '/art-pub-mtl/img/placeholder_640_480.jpg'),
(66, 'obélisque en hommage à charles de gaulle', '1780 x 240 x 270 cm', '', 1, 1, 355, '/art-pub-mtl/img/placeholder_640_480.jpg'),
(67, 'china wall', '225 x 177 x 489 cm', '', 1, 1, 356, '/art-pub-mtl/img/placeholder_640_480.jpg'),
(68, 'maisonneuve fonde montréal le 18 mai 1642', '', '', 1, 4, 357, '/art-pub-mtl/img/placeholder_640_480.jpg'),
(69, 'portail avec bas-reliefs', '520 x 520 cm', '', 1, 1, 358, '/art-pub-mtl/img/placeholder_640_480.jpg'),
(70, 'place du temple', '500 x 1800 x 6700 cm', '', 1, 2, 359, '/art-pub-mtl/img/placeholder_640_480.jpg'),
(71, 'fontaine de vie', '370 x 550 cm', '', 1, 1, 359, '/art-pub-mtl/img/placeholder_640_480.jpg'),
(72, 'buste de simon bolivar', '248.5 x 99.5 x 48', '', 1, 1, 360, '/art-pub-mtl/img/simon.jpg'),
(73, 'albarello', '340 x 290 cm', '', 1, 1, 361, '/art-pub-mtl/img/albarello.jpg'),
(74, 'à la croisée des mots', '732 x 300 cm', '', 1, 2, 362, '/art-pub-mtl/img/croise.jpg'),
(75, 'mots choisis', '', '', 1, 1, 363, '/art-pub-mtl/img/placeholder_640_480.jpg'),
(76, 'hommage aux forces vitales du québec', '366 x 3800 x 1600 cm', '', 1, 2, 364, '/art-pub-mtl/img/placeholder_640_480.jpg'),
(77, 'monument aux braves de n.d.g.', '400 x 318 cm', '', 1, 1, 365, '/art-pub-mtl/img/placeholder_640_480.jpg'),
(78, 'optimax', '292 x 246 x 1250 cm', '', 1, 1, 366, '/art-pub-mtl/img/placeholder_640_480.jpg'),
(79, 'jacques cartier sur le sommet du mont royal', '', '', 1, 4, 367, '/art-pub-mtl/img/placeholder_640_480.jpg'),
(80, 'les baigneurs', '', '', 1, 1, 368, '/art-pub-mtl/img/placeholder_640_480.jpg'),
(81, 'champlain explore le site de montréal en 1603', '', '', 1, 4, 372, '/art-pub-mtl/img/placeholder_640_480.jpg'),
(82, 'nous deux', '244 x 142 x 161', '', 1, 1, 373, '/art-pub-mtl/img/placeholder_640_480.jpg'),
(83, 'colonne', '700 x 124,5 cm', '', 1, 1, 374, '/art-pub-mtl/img/placeholder_640_480.jpg'),
(84, 'états de choc', '15.51m', '', 1, 1, 375, '/art-pub-mtl/img/placeholder_640_480.jpg'),
(85, 'la ville blanche', '650 x 2400', '', 1, 2, 376, '/art-pub-mtl/img/placeholder_640_480.jpg'),
(86, 'espace cubique ou hommage à malevitch', '254 x 224 x 225 cm', '', 1, 2, 377, '/art-pub-mtl/img/placeholder_640_480.jpg'),
(87, 'cube géométrique', '500 x 390 x 390 cm', '', 1, 1, 378, '/art-pub-mtl/img/placeholder_640_480.jpg'),
(88, 'le jardin de lyon', '', '', 1, 2, 379, '/art-pub-mtl/img/placeholder_640_480.jpg'),
(89, 'orbite optique no 2', '800 cm x 1230 cm', '', 1, 1, 380, '/art-pub-mtl/img/placeholder_640_480.jpg'),
(90, 'fontaine', '450 x 1450 x 1195 cm', '', 1, 2, 381, '/art-pub-mtl/img/placeholder_640_480.jpg'),
(91, 'athéna', '310 x 100 x 100 cm', '', 1, 1, 382, '/art-pub-mtl/img/athena.jpg'),
(92, 'hommage à mihai eminescu, poète roumain', '243 x 149 cm', '', 1, 1, 383, '/art-pub-mtl/img/placeholder_640_480.jpg'),
(93, 'les leçons singulières (volet 1)', '97 x 2000 x 1000 cm', '', 1, 2, 385, '/art-pub-mtl/img/placeholder_640_480.jpg'),
(94, 'les leçons singulières (volet 2)', '96 x 1800 x 1120 cm', '', 1, 2, 386, '/art-pub-mtl/img/placeholder_640_480.jpg'),
(95, 'détour : le grand jardin', '500 x 1865 x 2109 cm', '', 1, 2, 387, '/art-pub-mtl/img/placeholder_640_480.jpg'),
(96, 'le carrousel de l’île', '470 x 1500 cm', '', 1, 2, 388, '/art-pub-mtl/img/placeholder_640_480.jpg'),
(97, 'un jardin à soi', '101.5 x 157 x 203 cm', '', 1, 2, 389, '/art-pub-mtl/img/placeholder_640_480.jpg'),
(98, 'monument pour l', '111 x 4000 x 1500 cm', '', 1, 2, 390, '/art-pub-mtl/img/placeholder_640_480.jpg'),
(99, 'volatiles', '', '', 1, 2, 391, '/art-pub-mtl/img/placeholder_640_480.jpg'),
(100, 'nef pour quatorze reines', '0.6 x 21 x 113 m', '', 1, 2, 392, '/art-pub-mtl/img/placeholder_640_480.jpg'),
(101, 'hommage aux travailleurs', '600 x 272 x 138 cm', '', 1, 1, 393, '/art-pub-mtl/img/placeholder_640_480.jpg'),
(102, 'le grand jean-paul', '202 x 199.5 x 60.5 cm', '', 1, 1, 394, '/art-pub-mtl/img/placeholder_640_480.jpg'),
(103, 'monument à émile nelligan', '271 x 112 x 132 cm', '', 1, 1, 395, '/art-pub-mtl/img/placeholder_640_480.jpg'),
(104, 'songes', '282 x 482 x 2,5 cm', '', 1, 6, 396, '/art-pub-mtl/img/placeholder_640_480.jpg'),
(105, 'jacques cartier atterit à hochelaga en 1535', '', '', 1, 4, 397, '/art-pub-mtl/img/placeholder_640_480.jpg'),
(106, 'monument à sir louis-hippolyte la fontaine', '700 x 570 x 370cm', '', 1, 1, 398, '/art-pub-mtl/img/placeholder_640_480.jpg'),
(107, 'monument à paul de chomedey, sieur de maisonneuve', '9m de haut', '', 1, 1, 400, '/art-pub-mtl/img/placeholder_640_480.jpg'),
(108, 'monument à louis-octave crémazie', '300 x 300 x 188 cm', '', 1, 1, 401, '/art-pub-mtl/img/placeholder_640_480.jpg'),
(109, 'monument à john young', '520 x 340 x 670cm', '', 1, 1, 402, '/art-pub-mtl/img/placeholder_640_480.jpg'),
(110, 'monument à édouard vii', '1400cm', '', 1, 1, 403, '/art-pub-mtl/img/placeholder_640_480.jpg'),
(111, 'acier', '385 x 700 x 350cm', '', 1, 1, 404, '/art-pub-mtl/img/acier.jpg'),
(112, 'le lion de belfort', '504 x 232 x 421 cm', '', 1, 1, 405, '/art-pub-mtl/img/placeholder_640_480.jpg'),
(113, 'monument aux héros de la guerre des boers', '920 x 2200 x 1600 cm', '', 1, 1, 406, '/art-pub-mtl/img/placeholder_640_480.jpg'),
(114, 'monument à sir george-étienne cartier', '25 x 30 x 30m', '', 1, 1, 407, '/art-pub-mtl/img/placeholder_640_480.jpg'),
(115, 'totem kwakiutl', '2130 x 95 cm', '', 1, 1, 409, '/art-pub-mtl/img/placeholder_640_480.jpg'),
(116, 'iris', '', '', 1, 1, 410, '/art-pub-mtl/img/placeholder_640_480.jpg'),
(117, 'monument à émilie gamelin', '190 x 122 cm', '', 1, 1, 411, '/art-pub-mtl/img/placeholder_640_480.jpg'),
(118, 'les allusifs', 'xx cm x 230 cm x 170 cm', '', 1, 2, 412, '/art-pub-mtl/img/placeholder_640_480.jpg'),
(119, 'lanka mata', '260 x 524 x 20 cm', '', 2, 3, 413, '/art-pub-mtl/img/placeholder_640_480.jpg'),
(120, 'la façade', '115 x 235 x 32 cm', '', 1, 1, 415, '/art-pub-mtl/img/placeholder_640_480.jpg'),
(121, 'la fermière', '575 x 1900 cm', '', 1, 1, 416, '/art-pub-mtl/img/placeholder_640_480.jpg'),
(122, 'les petits baigneurs', '1000 x 400 x 300 cm', '', 1, 1, 417, '/art-pub-mtl/img/placeholder_640_480.jpg'),
(123, 'monument à dollard des ormeaux', '800 x 925 x 345 cm', '', 1, 1, 418, '/art-pub-mtl/img/placeholder_640_480.jpg'),
(124, 'monument aux braves de lachine', '524 x 900 x 216 cm', '', 1, 1, 419, '/art-pub-mtl/img/placeholder_640_480.jpg'),
(125, 'monument aux patriotes', '850 x 410 x 370 cm', '', 1, 1, 420, '/art-pub-mtl/img/placeholder_640_480.jpg'),
(126, 'anamorphose d’une fenêtre', '', '', 1, 2, 422, '/art-pub-mtl/img/anamorphose.jpg'),
(127, 'monument à john f. kennedy', '355 x 100 x 120', '', 1, 1, 423, '/art-pub-mtl/img/placeholder_640_480.jpg'),
(128, 'monument à joseph beaubien', '249 x 76.5 x 65.5 cm', '', 1, 1, 424, '/art-pub-mtl/img/placeholder_640_480.jpg'),
(129, 'buste du cardinal paul-émile léger', '168 x 75 x 61,5 cm', '', 1, 1, 425, '/art-pub-mtl/img/cardinal.jpg'),
(130, 'debout', '350 cm x 170 cm x 149.5 cm', '', 1, 1, 426, '/art-pub-mtl/img/placeholder_640_480.jpg'),
(131, 'la porte de l’avenir', '238 x 201,5 x 42 cm', '', 1, 1, 427, '/art-pub-mtl/img/placeholder_640_480.jpg'),
(132, 'deux murales', 'petite : 218 x 744 cm\rgrande : 427 x 881 cm', '', 2, 8, 428, '/art-pub-mtl/img/placeholder_640_480.jpg'),
(133, 'le théâtre de papier', '360 x 1250 x 140 cm', '', 2, 9, 429, '/art-pub-mtl/img/placeholder_640_480.jpg'),
(134, 'et pourtant elle tourne', '', '', 2, 9, 429, '/art-pub-mtl/img/placeholder_640_480.jpg'),
(135, 'la réparation', '294 x 2500 cm', '', 1, 2, 430, '/art-pub-mtl/img/placeholder_640_480.jpg'),
(136, 'temple du troisième millénaire', '475 cm x 380 cm x 75 cm', '', 1, 2, 431, '/art-pub-mtl/img/placeholder_640_480.jpg'),
(137, 'monica', '278 x 211 x 200 cm', '', 1, 1, 432, '/art-pub-mtl/img/placeholder_640_480.jpg'),
(138, 'monument à jackie robinson', '254 x 203 x 194 cm', '', 1, 1, 433, '/art-pub-mtl/img/placeholder_640_480.jpg'),
(139, 'joseph-xavier perrault', '280 cm x 92 cm x 92 cm', '', 1, 1, 434, '/art-pub-mtl/img/placeholder_640_480.jpg'),
(140, 'hommage à marguerite bourgeoys', '178 x 414 cm', '', 1, 1, 435, '/art-pub-mtl/img/placeholder_640_480.jpg'),
(141, 'forces', '220 x 370 x 230 cm', '', 1, 1, 436, '/art-pub-mtl/img/placeholder_640_480.jpg'),
(142, 'monument à robert burns', '511 x 276 x 276 cm', '', 1, 1, 437, '/art-pub-mtl/img/placeholder_640_480.jpg'),
(143, 'signal pour takis', '850 x 900 x 2000 cm', '', 1, 2, 439, '/art-pub-mtl/img/placeholder_640_480.jpg'),
(144, 'lieux sans temple 3', '229 x 140 x 117.5 cm', '', 1, 1, 440, '/art-pub-mtl/img/placeholder_640_480.jpg'),
(145, 'lieux sans temple 4', '225 x 110 x 131 cm', '', 1, 1, 441, '/art-pub-mtl/img/placeholder_640_480.jpg'),
(146, 'lieux sans temple 5', '250 x 140,5 x 117,5 cm', '', 1, 1, 442, '/art-pub-mtl/img/placeholder_640_480.jpg'),
(147, 'souvenir de 1955 ou 2026 roberval', '465 x 1017 x 800 cm', '', 1, 2, 443, '/art-pub-mtl/img/placeholder_640_480.jpg'),
(148, 'fontaine wallace', '275 cm x 82 x 82 cm', '', 1, 1, 444, '/art-pub-mtl/img/placeholder_640_480.jpg'),
(149, 'triptyque sur le paysage', '200 cm', '', 1, 2, 445, '/art-pub-mtl/img/placeholder_640_480.jpg'),
(150, 'signe solaire', '277 x 330 x 106.5 cm', '', 1, 1, 446, '/art-pub-mtl/img/placeholder_640_480.jpg'),
(151, 'ashapmouchouan', '417 x 245 cm', '', 1, 1, 447, '/art-pub-mtl/img/ASHAPMOUCHOUAN.jpg'),
(152, 'éclosion', '258 x 142 x 202 cm', '', 1, 1, 448, '/art-pub-mtl/img/placeholder_640_480.jpg'),
(153, 'à voile déchirée', '469 x 315 x 394 cm', '', 1, 1, 449, '/art-pub-mtl/img/voile.jpg'),
(154, 'sublime', '762 x 457 cm', '', 1, 1, 450, '/art-pub-mtl/img/placeholder_640_480.jpg'),
(155, 'évolution de joie', '252.5 x 165 x 335', '', 1, 1, 451, '/art-pub-mtl/img/placeholder_640_480.jpg'),
(156, 'colonne stèle', '244 x 45,5 x 32 cm', '', 1, 1, 452, '/art-pub-mtl/img/placeholder_640_480.jpg'),
(157, 'regard sur le fleuve', '312 x 650 x 20 cm', '', 1, 1, 453, '/art-pub-mtl/img/placeholder_640_480.jpg'),
(158, 'table des matières de supports du savoir', '311 x 863 x 6', '', 1, 7, 454, '/art-pub-mtl/img/placeholder_640_480.jpg'),
(159, 'tango de montréal', '1040 x 1740 cm', '', 1, 1, 455, '/art-pub-mtl/img/placeholder_640_480.jpg'),
(160, 'les sons de la musique', '246 x 1344 x 108 cm', '', 1, 1, 456, '/art-pub-mtl/img/placeholder_640_480.jpg'),
(161, 'cheval à plume', '245 x 315 x 210 cm', '', 1, 1, 457, '/art-pub-mtl/img/placeholder_640_480.jpg'),
(162, 'études pour la figure, saint-laurent', '310 x 95 x 95 cm', '', 1, 1, 458, '/art-pub-mtl/img/placeholder_640_480.jpg'),
(163, 'monument aux braves de verdun', '', '', 1, 1, 459, '/art-pub-mtl/img/placeholder_640_480.jpg'),
(164, 'after babel, a civic square', '450 x 1000 cm', '', 1, 2, 460, '/art-pub-mtl/img/after.jpg'),
(165, 'les sports', '84 x 2261 x 2,5 cm', '', 1, 7, 461, '/art-pub-mtl/img/placeholder_640_480.jpg'),
(166, 'la joie', '254 x 1234,5 x 10', '', 1, 7, 462, '/art-pub-mtl/img/placeholder_640_480.jpg'),
(167, 'la peur', '365 x 121 x 320cm', '', 1, 2, 463, '/art-pub-mtl/img/placeholder_640_480.jpg'),
(168, 'monument à la pointe', '1400 x 400 cm', '', 1, 2, 464, '/art-pub-mtl/img/placeholder_640_480.jpg'),
(169, 'daleth', '350 x 6200 cm', '', 1, 2, 465, '/art-pub-mtl/img/placeholder_640_480.jpg'),
(170, 'trajectoire no 2', '195 cm x 103 cm x 276 cm', '', 1, 1, 466, '/art-pub-mtl/img/placeholder_640_480.jpg'),
(171, 'trame d’appel', '400 x 365 x 183 cm', '', 1, 1, 466, '/art-pub-mtl/img/placeholder_640_480.jpg'),
(172, 'la naissance', '380 x 100 x 140 cm', '', 1, 1, 467, '/art-pub-mtl/img/placeholder_640_480.jpg'),
(173, 'le coup de départ', '538 x 371 x165 cm', '', 1, 1, 468, '/art-pub-mtl/img/placeholder_640_480.jpg'),
(174, 'monument à nelson', '2055 x 600 x 600 cm', '', 1, 1, 469, '/art-pub-mtl/img/placeholder_640_480.jpg'),
(175, 'site/interlude', '400 x 185 x 8535 cm', '', 1, 2, 470, '/art-pub-mtl/img/placeholder_640_480.jpg'),
(176, 'non titré (fontaine; les chérubins)', '', '', 1, 1, 471, '/art-pub-mtl/img/placeholder_640_480.jpg'),
(177, 'la pierre et le feu', '304 x 122 x 400 cm', '', 1, 1, 472, '/art-pub-mtl/img/placeholder_640_480.jpg'),
(178, 'temps d’arrêt', '500 x 145 cm', '', 1, 1, 473, '/art-pub-mtl/img/placeholder_640_480.jpg'),
(179, 'courbes et vent', '', '', 1, 1, 475, '/art-pub-mtl/img/placeholder_640_480.jpg'),
(180, 'fontaine du square saint-louis', '457 x 240 cm', '', 1, 1, 476, '/art-pub-mtl/img/placeholder_640_480.jpg'),
(181, 'du long du long', '120 x 287x 496 cm', '', 1, 1, 478, '/art-pub-mtl/img/placeholder_640_480.jpg'),
(182, 'from a', '170 x 150 x 590 cm', '', 1, 1, 481, '/art-pub-mtl/img/placeholder_640_480.jpg'),
(183, 'force et progrès', '255 x 220 x 425 cm', '', 1, 1, 482, '/art-pub-mtl/img/placeholder_640_480.jpg'),
(184, 'écluses', '415 x 111 x 135 cm', '', 1, 1, 483, '/art-pub-mtl/img/placeholder_640_480.jpg'),
(185, 'vitraux', '', '', 2, 3, 484, '/art-pub-mtl/img/placeholder_640_480.jpg'),
(186, 'jour ou nuit inconnue', '254 x 685 x 35 cm', '', 1, 7, 485, '/art-pub-mtl/img/placeholder_640_480.jpg'),
(187, 'ce qui reste 1997-2001', '400 x 234 x 2 cm', '', 1, 6, 485, '/art-pub-mtl/img/reste.jpg'),
(188, 'le roi singe', '550 x 400 x 21 cm', '', 1, 1, 486, '/art-pub-mtl/img/placeholder_640_480.jpg'),
(189, 'le spectacle de la curiosité', '260 x 800 cm', '', 1, 6, 486, '/art-pub-mtl/img/placeholder_640_480.jpg'),
(190, 'espace vert', '215 x 450 x 36', '', 1, 6, 486, '/art-pub-mtl/img/placeholder_640_480.jpg'),
(191, 'être +', '', '', 1, 2, 487, '/art-pub-mtl/img/placeholder_640_480.jpg'),
(192, 'monument à louis cyr', '440  x 183  x 180 cm', '', 1, 1, 488, '/art-pub-mtl/img/placeholder_640_480.jpg'),
(193, 'monument à jean-olivier chénier', '400 x 100 x 100 cm', '', 1, 1, 490, '/art-pub-mtl/img/placeholder_640_480.jpg'),
(194, 'maisonneuve érige une croix sur la montagne', '', '', 1, 4, 491, '/art-pub-mtl/img/placeholder_640_480.jpg'),
(195, 'monument à isabelle la catholique', '293 x 152.5 x 107 cm', '', 1, 1, 492, '/art-pub-mtl/img/placeholder_640_480.jpg'),
(196, 'épisode', '184 x 250 x 113 cm', '', 1, 1, 493, '/art-pub-mtl/img/placeholder_640_480.jpg'),
(197, 'continuum 2009 (à la mémoire de pierre perrault)', '305 x 770 x 300 cm', '', 1, 1, 494, '/art-pub-mtl/img/placeholder_640_480.jpg'),
(198, 'explorer', '484 x 178 x 212 cm', '', 1, 1, 495, '/art-pub-mtl/img/placeholder_640_480.jpg'),
(199, 'non titré (portes)', '', '', 2, 10, 496, '/art-pub-mtl/img/placeholder_640_480.jpg'),
(200, 'le déjeuner sur l’herbe', '300 x 900 x 1308 cm', '', 1, 2, 498, '/art-pub-mtl/img/placeholder_640_480.jpg'),
(201, 'girafes', '11,8 x 3 m', '', 1, 1, 499, '/art-pub-mtl/img/placeholder_640_480.jpg'),
(202, 'migration', '465 x 230 x 400 cm', '', 1, 1, 500, '/art-pub-mtl/img/placeholder_640_480.jpg'),
(203, 'hommage à rené lévesque', '518 x 1829 x 457 cm', '', 1, 1, 501, '/art-pub-mtl/img/placeholder_640_480.jpg'),
(204, 'lieu', '700 x 914 cm', '', 1, 1, 502, '/art-pub-mtl/img/placeholder_640_480.jpg'),
(205, 'les promeneurs', '592 x 190 x 812', '', 1, 1, 503, '/art-pub-mtl/img/placeholder_640_480.jpg'),
(206, 'trampolino', '350 x 600', '', 1, 1, 504, '/art-pub-mtl/img/placeholder_640_480.jpg'),
(207, 'dex', '148 x 503 x 730 cm', '', 1, 1, 505, '/art-pub-mtl/img/placeholder_640_480.jpg'),
(208, 'affinités', '268 x 160 x 150 cm', '', 1, 1, 506, '/art-pub-mtl/img/affinite.jpg'),
(209, 'puerta de la amistad', '750 x 120 x 570 cm', '', 1, 1, 507, '/art-pub-mtl/img/placeholder_640_480.jpg'),
(210, 'monument à norman bethune', '380 x 100 x 100 cm', '', 1, 1, 508, '/art-pub-mtl/img/placeholder_640_480.jpg'),
(211, 'les sœurs cardinales', '440 x 360 x 100', '', 1, 1, 509, '/art-pub-mtl/img/placeholder_640_480.jpg'),
(212, 'la fondation de montréal est décidée à paris', '', '', 1, 4, 511, '/art-pub-mtl/img/placeholder_640_480.jpg'),
(213, 'polaris en lumière', '', '', 1, 11, 511, '/art-pub-mtl/img/placeholder_640_480.jpg'),
(214, 'équinoxe', '248 x 200', '', 1, 2, 512, '/art-pub-mtl/img/placeholder_640_480.jpg'),
(215, 'force', '330 x 2900 x 4500 cm', '', 1, 1, 513, '/art-pub-mtl/img/placeholder_640_480.jpg'),
(216, 'murale céramique', '213,5 x 1559 cm', '', 2, 8, 514, '/art-pub-mtl/img/placeholder_640_480.jpg'),
(217, 'monument à nicolas copernic', '452 x 148 cm', '', 1, 1, 515, '/art-pub-mtl/img/placeholder_640_480.jpg'),
(218, 'buste de josé de san martin', '276 x 105.5 x 95 cm', '', 1, 1, 517, '/art-pub-mtl/img/BUSTE.jpg'),
(219, 'spatio-mobile #1', '176 x 135 x 150 cm', '', 1, 1, 518, '/art-pub-mtl/img/placeholder_640_480.jpg'),
(220, 'le phare du cosmos', '960 x 280 cm', '', 1, 1, 519, '/art-pub-mtl/img/placeholder_640_480.jpg'),
(221, 'parvis et portail #22', '492 x 575 x 1000 cm', '', 1, 2, 520, '/art-pub-mtl/img/placeholder_640_480.jpg'),
(222, 'la force', '244 x 533 x 275 cm', '', 1, 1, 521, '/art-pub-mtl/img/placeholder_640_480.jpg'),
(223, 'la sainte trinité', '130 x 90 x 165', '', 1, 1, 522, '/art-pub-mtl/img/placeholder_640_480.jpg'),
(224, 'rectangle', '245 x l:124 x l:85 cm', '', 1, 1, 523, '/art-pub-mtl/img/placeholder_640_480.jpg'),
(225, 'justice et paix', '360 x 300 x 570 cm', '', 1, 1, 524, '/art-pub-mtl/img/placeholder_640_480.jpg'),
(226, 'les cariatides', '262 x 610 x 1723 cm', '', 1, 2, 526, '/art-pub-mtl/img/placeholder_640_480.jpg'),
(227, 'les dos blancs', '251 x 350 x 930 cm', '', 1, 2, 527, '/art-pub-mtl/img/placeholder_640_480.jpg'),
(228, 'le portage', '265 x 260 x 800 cm', '', 1, 2, 528, '/art-pub-mtl/img/placeholder_640_480.jpg'),
(229, 'cadran solaire', '350 x 360 x 360 cm', '', 2, 12, 529, '/art-pub-mtl/img/cadran.jpg'),
(230, 'story rock', '244 x 240 x 220 cm', '', 1, 1, 530, '/art-pub-mtl/img/placeholder_640_480.jpg'),
(231, 'le navigateur', '350 x 620 x 245 cm', '', 1, 1, 531, '/art-pub-mtl/img/placeholder_640_480.jpg'),
(232, 'vortexit ii', '270 x 1050 x 1440 cm', '', 1, 1, 532, '/art-pub-mtl/img/placeholder_640_480.jpg'),
(233, 'murale extérieure', '183 x 361,5 cm', '', 2, 13, 534, '/art-pub-mtl/img/placeholder_640_480.jpg'),
(234, 'des lauriers pour mémoire, jean-duceppe 1923-1990', '240 x  1130 cm', '', 1, 2, 535, '/art-pub-mtl/img/placeholder_640_480.jpg'),
(235, 'monument à jacques cartier', '9.14 m (h) x 3.6 m (diamètre)', '', 1, 1, 536, '/art-pub-mtl/img/placeholder_640_480.jpg'),
(236, 'le banc des amoureux', '184 x 240 x 150 cm', '', 1, 1, 537, '/art-pub-mtl/img/placeholder_640_480.jpg'),
(237, 'monument à sir john a. macdonald', '1800 x 486 x 432 cm', '', 1, 1, 538, '/art-pub-mtl/img/placeholder_640_480.jpg'),
(238, 'wind boat', '762 x 183 x 148 cm', '', 1, 1, 539, '/art-pub-mtl/img/placeholder_640_480.jpg'),
(239, 'the passing song', '456 x 744 cm', '', 1, 2, 540, '/art-pub-mtl/img/placeholder_640_480.jpg'),
(240, 'the first jewel', '172 x 115 x 70 cm', '', 1, 1, 541, '/art-pub-mtl/img/placeholder_640_480.jpg'),
(241, 'monument à la reine victoria', '1190 x 437.5 x 437.5 cm', '', 1, 1, 542, '/art-pub-mtl/img/placeholder_640_480.jpg'),
(242, 'constellation en sol', '', '', 1, 7, 543, '/art-pub-mtl/img/placeholder_640_480.jpg'),
(243, 'la bourrasque', '2700 x 570 cm', '', 1, 1, 545, '/art-pub-mtl/img/placeholder_640_480.jpg'),
(244, 'voiles', '488 x 310 x 10 cm\r488 x 275 x 13 cm', '', 1, 1, 546, '/art-pub-mtl/img/placeholder_640_480.jpg'),
(245, 'chorégraphie pour les humains et les étoiles', 'hauteur 1500cm', '', 1, 11, 547, '/art-pub-mtl/img/placeholder_640_480.jpg'),
(246, 'carrefour', '', '', 1, 1, 548, '/art-pub-mtl/img/CARREFOUR.jpg'),
(247, 'kate & nora', '100 x 90 x 45 cm', '', 1, 2, 549, '/art-pub-mtl/img/placeholder_640_480.jpg'),
(248, 'cosmotome no 7, oh homme !', '', '', 1, 1, 549, '/art-pub-mtl/img/placeholder_640_480.jpg'),
(249, 'la vélocité des lieux', '19 x 16 x 13 m', '', 1, 1, 551, '/art-pub-mtl/img/placeholder_640_480.jpg');

-- --------------------------------------------------------

--
-- Structure de la table `oeuvre_materiaux`
--

CREATE TABLE `oeuvre_materiaux` (
  `id_materiaux` int(11) NOT NULL,
  `id_oeuvre` int(11) NOT NULL
) ENGINE=MyISAM DEFAULT CHARSET=utf8;

--
-- Déchargement des données de la table `oeuvre_materiaux`
--

INSERT INTO `oeuvre_materiaux` (`id_materiaux`, `id_oeuvre`) VALUES
(1, 1),
(1, 18),
(1, 19),
(1, 31),
(1, 32),
(1, 35),
(1, 36),
(1, 45),
(1, 49),
(1, 51),
(1, 55),
(1, 58),
(1, 63),
(1, 64),
(1, 72),
(1, 77),
(1, 88),
(1, 91),
(1, 92),
(1, 93),
(1, 94),
(1, 102),
(1, 103),
(1, 106),
(1, 107),
(1, 108),
(1, 109),
(1, 110),
(1, 112),
(1, 113),
(1, 114),
(1, 117),
(1, 119),
(1, 121),
(1, 122),
(1, 123),
(1, 124),
(1, 125),
(1, 127),
(1, 128),
(1, 129),
(1, 130),
(1, 138),
(1, 140),
(1, 142),
(1, 163),
(1, 164),
(1, 192),
(1, 195),
(1, 200),
(1, 217),
(1, 218),
(1, 235),
(1, 236),
(1, 237),
(1, 240),
(1, 241),
(1, 246),
(1, 249),
(2, 2),
(2, 3),
(2, 7),
(2, 67),
(2, 80),
(2, 87),
(2, 151),
(2, 157),
(2, 164),
(2, 197),
(2, 249),
(3, 3),
(3, 18),
(3, 19),
(3, 31),
(3, 33),
(3, 34),
(3, 35),
(3, 36),
(3, 46),
(3, 51),
(3, 55),
(3, 60),
(3, 61),
(3, 63),
(3, 64),
(3, 66),
(3, 72),
(3, 77),
(3, 83),
(3, 85),
(3, 86),
(3, 88),
(3, 91),
(3, 100),
(3, 103),
(3, 106),
(3, 107),
(3, 108),
(3, 109),
(3, 110),
(3, 112),
(3, 113),
(3, 114),
(3, 122),
(3, 123),
(3, 124),
(3, 125),
(3, 127),
(3, 128),
(3, 135),
(3, 140),
(3, 142),
(3, 143),
(3, 167),
(3, 169),
(3, 171),
(3, 182),
(3, 192),
(3, 193),
(3, 195),
(3, 199),
(3, 200),
(3, 208),
(3, 210),
(3, 211),
(3, 214),
(3, 225),
(3, 226),
(3, 227),
(3, 228),
(3, 231),
(3, 232),
(3, 237),
(3, 241),
(3, 248),
(3, 249),
(4, 4),
(4, 5),
(4, 66),
(4, 69),
(4, 70),
(4, 84),
(4, 196),
(4, 203),
(4, 207),
(4, 227),
(5, 4),
(5, 5),
(6, 4),
(6, 5),
(6, 14),
(6, 44),
(6, 66),
(6, 69),
(6, 70),
(6, 82),
(6, 84),
(6, 125),
(6, 132),
(6, 181),
(6, 186),
(6, 216),
(6, 225),
(6, 249),
(7, 6),
(7, 9),
(7, 47),
(7, 54),
(7, 78),
(7, 103),
(7, 161),
(7, 167),
(7, 174),
(7, 227),
(8, 7),
(8, 8),
(8, 34),
(8, 39),
(8, 46),
(8, 51),
(8, 53),
(8, 58),
(8, 83),
(8, 88),
(8, 90),
(8, 92),
(8, 93),
(8, 94),
(8, 97),
(8, 100),
(8, 141),
(8, 169),
(8, 173),
(8, 184),
(8, 190),
(8, 198),
(8, 203),
(8, 214),
(8, 234),
(8, 243),
(8, 244),
(8, 246),
(8, 247),
(8, 249),
(9, 7),
(10, 10),
(10, 30),
(10, 37),
(10, 48),
(10, 50),
(10, 62),
(10, 80),
(10, 95),
(10, 104),
(10, 116),
(10, 136),
(10, 167),
(10, 168),
(10, 178),
(10, 181),
(10, 190),
(10, 221),
(10, 227),
(10, 229),
(10, 238),
(10, 241),
(10, 248),
(10, 249),
(11, 10),
(12, 16),
(13, 17),
(13, 65),
(13, 104),
(13, 187),
(13, 189),
(14, 21),
(14, 22),
(14, 30),
(14, 40),
(14, 48),
(14, 52),
(14, 73),
(14, 76),
(14, 82),
(14, 84),
(14, 85),
(14, 86),
(14, 89),
(14, 98),
(14, 111),
(14, 118),
(14, 119),
(14, 125),
(14, 126),
(14, 142),
(14, 143),
(14, 144),
(14, 145),
(14, 146),
(14, 147),
(14, 150),
(14, 152),
(14, 154),
(14, 155),
(14, 168),
(14, 170),
(14, 171),
(14, 172),
(14, 177),
(14, 181),
(14, 183),
(14, 186),
(14, 199),
(14, 201),
(14, 205),
(14, 207),
(14, 219),
(14, 220),
(14, 221),
(14, 223),
(14, 224),
(14, 225),
(14, 226),
(14, 228),
(14, 229),
(14, 235),
(14, 249),
(15, 22),
(15, 249),
(16, 23),
(17, 24),
(17, 41),
(17, 42),
(17, 43),
(17, 153),
(17, 209),
(18, 30),
(19, 30),
(19, 46),
(19, 65),
(19, 69),
(19, 75),
(19, 80),
(19, 88),
(19, 115),
(19, 118),
(19, 142),
(19, 186),
(19, 187),
(19, 189),
(19, 249),
(20, 30),
(20, 249),
(21, 30),
(21, 249),
(22, 34),
(22, 249),
(23, 34),
(23, 80),
(23, 249),
(24, 34),
(24, 249),
(25, 34),
(25, 106),
(25, 135),
(25, 167),
(25, 210),
(25, 211),
(25, 249),
(26, 37),
(26, 46),
(26, 65),
(26, 120),
(26, 249),
(27, 38),
(27, 204),
(28, 38),
(30, 44),
(30, 73),
(30, 132),
(30, 165),
(30, 215),
(30, 216),
(31, 45),
(32, 46),
(32, 92),
(32, 122),
(32, 147),
(32, 162),
(32, 224),
(32, 230),
(32, 249),
(33, 46),
(33, 156),
(33, 249),
(34, 46),
(34, 47),
(34, 49),
(34, 57),
(34, 58),
(34, 64),
(34, 76),
(34, 78),
(34, 86),
(34, 87),
(34, 89),
(34, 90),
(34, 92),
(34, 101),
(34, 111),
(34, 119),
(34, 125),
(34, 126),
(34, 131),
(34, 135),
(34, 136),
(34, 137),
(34, 138),
(34, 140),
(34, 141),
(34, 143),
(34, 150),
(34, 154),
(34, 155),
(34, 160),
(34, 166),
(34, 168),
(34, 169),
(34, 174),
(34, 181),
(34, 188),
(34, 192),
(34, 200),
(34, 211),
(34, 217),
(34, 224),
(34, 249),
(35, 51),
(36, 51),
(38, 52),
(39, 52),
(40, 54),
(41, 56),
(41, 122),
(41, 148),
(41, 176),
(41, 180),
(41, 202),
(41, 222),
(41, 223),
(41, 249),
(42, 57),
(43, 57),
(43, 58),
(43, 215),
(44, 59),
(45, 60),
(45, 93),
(45, 94),
(45, 96),
(45, 97),
(45, 119),
(45, 164),
(45, 249),
(46, 60),
(47, 62),
(47, 95),
(47, 96),
(47, 149),
(47, 167),
(47, 238),
(48, 62),
(48, 249),
(49, 66),
(49, 80),
(49, 223),
(49, 249),
(50, 69),
(51, 70),
(51, 80),
(51, 137),
(51, 189),
(51, 249),
(52, 71),
(53, 74),
(54, 75),
(55, 76),
(56, 76),
(56, 86),
(56, 213),
(57, 83),
(57, 119),
(57, 199),
(57, 249),
(58, 84),
(58, 168),
(59, 84),
(59, 182),
(60, 88),
(61, 88),
(62, 88),
(63, 88),
(64, 88),
(65, 88),
(66, 90),
(67, 98),
(67, 228),
(68, 98),
(69, 100),
(70, 106),
(70, 167),
(70, 174),
(70, 218),
(71, 119),
(72, 131),
(72, 150),
(72, 198),
(73, 131),
(73, 193),
(73, 198),
(74, 133),
(75, 135),
(77, 139),
(78, 142),
(78, 249),
(79, 142),
(79, 181),
(79, 226),
(79, 232),
(79, 249),
(80, 150),
(81, 156),
(82, 158),
(83, 159),
(84, 162),
(85, 166),
(86, 167),
(87, 167),
(88, 175),
(89, 178),
(90, 181),
(90, 198),
(91, 187),
(91, 190),
(92, 193),
(92, 195),
(92, 208),
(93, 200),
(94, 206),
(95, 225),
(96, 228),
(97, 239),
(98, 242),
(99, 242),
(100, 245),
(101, 249);

-- --------------------------------------------------------

--
-- Structure de la table `oeuvre_technique`
--

CREATE TABLE `oeuvre_technique` (
  `id_technique` int(11) NOT NULL,
  `id_oeuvre` int(11) NOT NULL
) ENGINE=MyISAM DEFAULT CHARSET=utf8;

--
-- Déchargement des données de la table `oeuvre_technique`
--

INSERT INTO `oeuvre_technique` (`id_technique`, `id_oeuvre`) VALUES
(1, 1),
(1, 19),
(1, 31),
(1, 35),
(1, 36),
(1, 45),
(1, 51),
(1, 55),
(1, 64),
(1, 92),
(1, 103),
(1, 106),
(1, 108),
(1, 109),
(1, 114),
(1, 117),
(1, 128),
(1, 138),
(1, 140),
(1, 142),
(1, 192),
(1, 195),
(1, 217),
(1, 249),
(2, 1),
(2, 22),
(2, 39),
(2, 40),
(2, 82),
(2, 85),
(2, 92),
(2, 95),
(2, 137),
(2, 142),
(2, 143),
(2, 144),
(2, 145),
(2, 146),
(2, 147),
(2, 148),
(2, 152),
(2, 170),
(2, 177),
(2, 181),
(2, 198),
(2, 202),
(2, 226),
(2, 249),
(3, 2),
(3, 21),
(3, 22),
(3, 30),
(3, 37),
(3, 38),
(3, 39),
(3, 40),
(3, 42),
(3, 43),
(3, 48),
(3, 53),
(3, 60),
(3, 67),
(3, 73),
(3, 82),
(3, 84),
(3, 85),
(3, 86),
(3, 95),
(3, 98),
(3, 111),
(3, 118),
(3, 119),
(3, 137),
(3, 142),
(3, 143),
(3, 144),
(3, 145),
(3, 146),
(3, 147),
(3, 152),
(3, 155),
(3, 157),
(3, 164),
(3, 167),
(3, 170),
(3, 172),
(3, 175),
(3, 177),
(3, 181),
(3, 183),
(3, 184),
(3, 197),
(3, 198),
(3, 201),
(3, 206),
(3, 207),
(3, 208),
(3, 220),
(3, 221),
(3, 223),
(3, 249),
(4, 3),
(4, 9),
(4, 47),
(4, 51),
(4, 60),
(4, 61),
(4, 80),
(4, 86),
(4, 135),
(4, 161),
(4, 162),
(4, 200),
(4, 220),
(4, 225),
(4, 226),
(4, 228),
(4, 249),
(5, 3),
(5, 4),
(5, 5),
(5, 30),
(5, 38),
(5, 39),
(5, 44),
(5, 46),
(5, 47),
(5, 59),
(5, 60),
(5, 61),
(5, 69),
(5, 73),
(5, 75),
(5, 83),
(5, 86),
(5, 97),
(5, 99),
(5, 118),
(5, 119),
(5, 122),
(5, 124),
(5, 125),
(5, 136),
(5, 164),
(5, 167),
(5, 169),
(5, 188),
(5, 197),
(5, 201),
(5, 204),
(5, 206),
(5, 207),
(5, 208),
(5, 225),
(5, 232),
(5, 238),
(5, 249),
(6, 4),
(6, 5),
(6, 199),
(6, 249),
(7, 4),
(7, 5),
(7, 21),
(7, 22),
(7, 23),
(7, 40),
(7, 42),
(7, 43),
(7, 44),
(7, 48),
(7, 69),
(7, 70),
(7, 82),
(7, 84),
(7, 95),
(7, 98),
(7, 101),
(7, 125),
(7, 131),
(7, 142),
(7, 147),
(7, 148),
(7, 152),
(7, 161),
(7, 162),
(7, 167),
(7, 170),
(7, 171),
(7, 177),
(7, 181),
(7, 183),
(7, 201),
(7, 225),
(7, 226),
(7, 229),
(7, 249),
(8, 8),
(9, 14),
(10, 16),
(10, 242),
(11, 17),
(12, 18),
(12, 59),
(12, 70),
(12, 80),
(12, 84),
(12, 85),
(12, 93),
(12, 94),
(12, 98),
(12, 101),
(12, 111),
(12, 121),
(12, 122),
(12, 123),
(12, 124),
(12, 129),
(12, 136),
(12, 141),
(12, 160),
(12, 169),
(12, 188),
(12, 200),
(12, 202),
(12, 222),
(12, 229),
(12, 236),
(12, 240),
(12, 249),
(13, 19),
(13, 54),
(13, 108),
(13, 109),
(14, 22),
(15, 22),
(15, 39),
(15, 46),
(15, 60),
(15, 82),
(15, 85),
(15, 93),
(15, 94),
(15, 97),
(15, 99),
(15, 125),
(15, 136),
(15, 147),
(15, 152),
(15, 157),
(15, 164),
(15, 169),
(15, 172),
(15, 175),
(15, 177),
(15, 181),
(15, 198),
(15, 208),
(15, 226),
(15, 249),
(16, 23),
(16, 229),
(17, 23),
(18, 24),
(19, 31),
(19, 45),
(19, 102),
(19, 103),
(19, 117),
(19, 140),
(19, 192),
(20, 33),
(21, 33),
(21, 221),
(21, 225),
(21, 249),
(22, 34),
(22, 249),
(23, 37),
(23, 52),
(23, 186),
(24, 71),
(24, 115),
(24, 161),
(24, 211),
(24, 224),
(24, 225),
(24, 228),
(24, 249),
(25, 41),
(26, 57),
(26, 58),
(26, 246),
(27, 46),
(27, 78),
(27, 83),
(27, 210),
(27, 211),
(28, 46),
(28, 158),
(28, 249),
(29, 48),
(29, 80),
(29, 178),
(29, 181),
(29, 249),
(30, 50),
(30, 243),
(31, 50),
(31, 57),
(31, 58),
(31, 125),
(31, 132),
(31, 156),
(31, 165),
(31, 178),
(31, 216),
(31, 234),
(31, 242),
(31, 246),
(31, 249),
(33, 51),
(34, 200),
(35, 52),
(35, 65),
(35, 166),
(35, 216),
(36, 52),
(36, 178),
(37, 53),
(37, 69),
(37, 86),
(37, 155),
(38, 56),
(39, 60),
(39, 80),
(39, 92),
(39, 137),
(39, 144),
(39, 145),
(39, 146),
(39, 162),
(39, 169),
(39, 226),
(39, 228),
(39, 249),
(40, 63),
(40, 91),
(40, 218),
(41, 65),
(42, 69),
(43, 69),
(44, 75),
(44, 118),
(44, 131),
(44, 161),
(44, 162),
(44, 169),
(44, 214),
(44, 225),
(44, 228),
(44, 231),
(44, 232),
(45, 76),
(45, 227),
(46, 80),
(46, 137),
(46, 148),
(46, 160),
(46, 164),
(46, 188),
(46, 198),
(46, 204),
(46, 222),
(46, 223),
(46, 224),
(46, 249),
(47, 82),
(47, 199),
(47, 249),
(48, 84),
(48, 93),
(48, 94),
(49, 84),
(50, 85),
(50, 95),
(50, 161),
(50, 207),
(51, 89),
(52, 92),
(52, 141),
(52, 249),
(53, 106),
(53, 125),
(54, 106),
(54, 166),
(54, 249),
(55, 110),
(56, 112),
(57, 112),
(58, 116),
(59, 118),
(59, 214),
(60, 119),
(60, 249),
(61, 120),
(62, 120),
(64, 131),
(65, 139),
(66, 139),
(67, 144),
(67, 145),
(67, 146),
(68, 152),
(68, 155),
(69, 156),
(70, 171),
(71, 189),
(73, 193),
(74, 196),
(75, 203),
(76, 208),
(77, 213),
(79, 226),
(80, 229),
(81, 232),
(82, 234),
(83, 235),
(84, 235),
(85, 235),
(86, 238),
(87, 241),
(87, 249),
(88, 241),
(88, 249),
(89, 244);

-- --------------------------------------------------------

--
-- Structure de la table `parcours`
--

CREATE TABLE `parcours` (
  `id_parcours` int(11) NOT NULL,
  `nom` varchar(50) NOT NULL,
  `description` text NOT NULL
) ENGINE=MyISAM DEFAULT CHARSET=utf8;

-- --------------------------------------------------------

--
-- Structure de la table `parcours_endroit`
--

CREATE TABLE `parcours_endroit` (
  `id_parcours` int(11) NOT NULL,
  `id_endroit` int(11) NOT NULL,
  `id_usager` int(11) NOT NULL,
  `createur` varchar(50) NOT NULL
) ENGINE=MyISAM DEFAULT CHARSET=utf8;

-- --------------------------------------------------------

--
-- Structure de la table `role`
--

CREATE TABLE `role` (
  `id_role` int(11) NOT NULL,
  `type_acces` varchar(50) NOT NULL
) ENGINE=MyISAM DEFAULT CHARSET=utf8;

--
-- Déchargement des données de la table `role`
--

INSERT INTO `role` (`id_role`, `type_acces`) VALUES
(1, 'modérateur'),
(2, 'admin'),
(3, 'usager');

-- --------------------------------------------------------

--
-- Structure de la table `technique`
--

CREATE TABLE `technique` (
  `id_technique` int(11) NOT NULL,
  `nom_francais` varchar(100) NOT NULL,
  `nom_anglais` varchar(100) NOT NULL
) ENGINE=MyISAM DEFAULT CHARSET=utf8;

--
-- Déchargement des données de la table `technique`
--

INSERT INTO `technique` (`id_technique`, `nom_francais`, `nom_anglais`) VALUES
(1, 'bronze coulé', 'cast bronze'),
(2, 'boulonné', 'bolted'),
(3, 'soudé', 'welded'),
(4, 'taillé', 'carved'),
(5, 'assemblé', 'assembled'),
(6, 'cimenté', 'cemented'),
(7, 'peint', 'painted'),
(8, 'pliées', 'bends'),
(9, 'œuvre peinte', 'painting'),
(10, 'impression', 'print'),
(11, 'impression numérique', 'digital print'),
(12, 'coulé', 'cast'),
(13, 'pierre taillée', 'carved stone'),
(14, 'cintré et peinturé', 'bent and painted'),
(15, 'découpé', 'cut out'),
(16, 'soudage', 'welding'),
(17, 'boulonnage', 'bolting'),
(18, 'soudées les unes aux autres', 'welded to each other'),
(19, 'cire perdue', 'cire perdue'),
(20, 'gravé au jet de sable', 'sandblast engraving'),
(21, 'poli', 'polished'),
(22, 'mixte', 'mixed'),
(23, 'sérigraphié', 'silkscreened'),
(24, 'sculpté', 'sculpted'),
(25, 'soudés', 'welded, painted'),
(26, 'moulage', 'casting'),
(27, 'taille directe', 'direct carving'),
(28, 'multiple', 'multiple'),
(29, 'aluchromie', ''),
(30, 'découpe au laser', 'laser cutting'),
(31, 'assemblage', 'assemblage'),
(32, 'peinture électrostatique (banc)', 'electrostatic painting (bench)'),
(33, 'béton coulé', 'poured concrete'),
(34, 'polissage', 'polishing'),
(35, 'peinture', 'paint'),
(36, 'coupage', 'cutting'),
(37, 'coupé', 'cut'),
(38, 'coulée industriel', 'casting industrial'),
(39, 'collé', 'glued'),
(40, 'fonte à la cire perdue', 'iron cast in the cire perdue method'),
(41, 'collage', 'collage'),
(42, 'fondu', 'melted'),
(43, 'vitrifié', 'vitrified'),
(44, 'gravé', 'engraved'),
(45, 'techniques multiples', 'multiple techniques'),
(46, 'moulé', 'burnished'),
(47, 'meulé', 'buffed'),
(48, 'formé', 'shaped'),
(49, 'briqueté', 'briquetted'),
(50, 'percé', 'pierced'),
(51, 'béton projeté', 'projected concrete'),
(52, 'ancré', 'anchored'),
(53, 'fonte au sable', 'sand-cast iron'),
(54, 'modelage', 'modelling'),
(55, 'coulé à la cire perdue', 'cast in the cire perdue method'),
(56, 'sculpté (granite)', 'sculpted (granite)'),
(57, 'coulé (bronze)', 'cast (bronze)'),
(58, 'soudées entre elles', 'welded together'),
(59, 'incrusté', 'inlaid'),
(60, 'vissé', 'screwed'),
(61, 'modélisation 3d', '3d modelling'),
(62, 'frittage laser sélectif', 'selective laser sintering'),
(63, '23 sections de bronze moulées par enrobage et soudées ensemble', '23 sections of bronze cast by coating and welded together'),
(64, 'empilé', 'piled up'),
(65, 'aluminium moulé et fondu', 'cast aluminum'),
(66, 'granit poli', 'polished granite'),
(67, 'oxydé', 'oxidized'),
(68, 'courbé', 'bent'),
(69, 'inscription', 'inscription'),
(70, 'installation par ancrages chimique', 'installation by chemical anchoring'),
(71, 'impression sur papier ilfochrome', 'print on ilfochrome paper'),
(72, 'impressions numériques montées à froid sur support de plexiglas (acrylique)', 'digital prints cold-mounted on plexiglas support (acrylic)'),
(73, 'sculpture de cuivre formé', 'shaped copper sculpture'),
(74, 'ciment fondu', 'aluminous cement'),
(75, 'ciment moulé', 'moulded cement'),
(76, 'martelé', 'hammered'),
(77, 'image lumineuse projettée au sol', 'illuminated image projected on the ground'),
(78, 'peint ()', 'painted ()'),
(79, 'planté', 'planted'),
(80, 'anodisation', 'anodized'),
(81, 'fixé', 'attached'),
(82, 'forge', 'forging'),
(83, 'statue originale : cuivre repoussé-estampé', 'original statue: copper repoussé-embossed'),
(84, 'statue actuelle : fonte', 'current statue: cast iron'),
(85, 'fontaine : moulage', 'fountain: casting'),
(86, 'imbriqué', 'interlocked'),
(87, 'aluminium: découpé', 'aluminum: cut out, bends'),
(88, 'plié', 'welded and assembled granite: sandblast engraving'),
(89, 'poli, finition effectuée par meuleuse à disque (gros grain)', 'polished, finished using a disk grinder (coarse grit)');

-- --------------------------------------------------------

--
-- Structure de la table `type_support`
--

CREATE TABLE `type_support` (
  `id_support` int(11) NOT NULL,
  `nom_francais` varchar(50) NOT NULL,
  `nom_anglais` varchar(50) NOT NULL
) ENGINE=MyISAM DEFAULT CHARSET=utf8;

--
-- Déchargement des données de la table `type_support`
--

INSERT INTO `type_support` (`id_support`, `nom_francais`, `nom_anglais`) VALUES
(1, 'sculpture', 'sculpture'),
(2, 'installation', 'installation'),
(3, 'vitrail', 'stained glass'),
(4, 'peinture', 'painting'),
(5, 'mosaique', 'mosaics'),
(6, 'photographie', 'photography'),
(7, 'techniques mixtes', 'mixed media'),
(8, 'céramique', 'ceramics'),
(9, 'verre', 'glass'),
(10, 'mobilier', 'furnishings'),
(11, 'multimédia', 'multimedia work'),
(12, 'design industriel', 'industrial design'),
(13, 'émaux', 'enamels');

-- --------------------------------------------------------

--
-- Structure de la table `usager`
--

CREATE TABLE `usager` (
  `id_usager` int(11) NOT NULL,
  `nom_connexion` varchar(50) NOT NULL,
  `mot_passe` varchar(100) NOT NULL,
  `nom` varchar(50) DEFAULT NULL,
  `prenom` varchar(50) DEFAULT NULL,
  `courriel` varchar(50) NOT NULL,
  `id_role` int(11) NOT NULL
) ENGINE=MyISAM DEFAULT CHARSET=utf8;

--
-- Déchargement des données de la table `usager`
--

INSERT INTO `usager` (`id_usager`, `nom_connexion`, `mot_passe`, `nom`, `prenom`, `courriel`, `id_role`) VALUES
(1, 'modo', 'modo', 'modérateur', 'super', 'modo@hotmail.com', 1),
(5, 'admin', '$2y$10$DfyMIA2vu5zzo3rU84vLcupbJTed2Cl/KmAtBCazv8vQoLQDA2G8C', NULL, NULL, 'admin', 2),
(4, 'polypusDB', '$2y$10$l3kL9.OghGCxzOf3913YbOmwUAH.1KokJwQf0FoQYC9dX.C57SLMa', NULL, NULL, 'bobobob', 2);

--
-- Index pour les tables déchargées
--

--
-- Index pour la table `arrondissement`
--
ALTER TABLE `arrondissement`
  ADD PRIMARY KEY (`id_arrondissement`),
  ADD UNIQUE KEY `nom` (`nom`);

--
-- Index pour la table `artiste`
--
ALTER TABLE `artiste`
  ADD PRIMARY KEY (`id_artiste`);

--
-- Index pour la table `artiste_oeuvre`
--
ALTER TABLE `artiste_oeuvre`
  ADD PRIMARY KEY (`id_artiste`,`id_oeuvre`),
  ADD KEY `id_oeuvre` (`id_oeuvre`);

--
-- Index pour la table `categorie`
--
ALTER TABLE `categorie`
  ADD PRIMARY KEY (`id_categorie`),
  ADD UNIQUE KEY `nom_francais` (`nom_francais`),
  ADD UNIQUE KEY `nom_anglais` (`nom_anglais`);

--
-- Index pour la table `commentaire`
--
ALTER TABLE `commentaire`
  ADD PRIMARY KEY (`id_commentaire`),
  ADD KEY `id_usager` (`id_usager`),
  ADD KEY `id_oeuvre` (`id_oeuvre`);

--
-- Index pour la table `endroit`
--
ALTER TABLE `endroit`
  ADD PRIMARY KEY (`id_endroit`),
  ADD KEY `id_arrondissement` (`id_arrondissement`);

--
-- Index pour la table `favoris`
--
ALTER TABLE `favoris`
  ADD PRIMARY KEY (`id_usager`,`id_oeuvre`),
  ADD KEY `id_oeuvre` (`id_oeuvre`);

--
-- Index pour la table `image`
--
ALTER TABLE `image`
  ADD PRIMARY KEY (`id_image`),
  ADD UNIQUE KEY `nom_fichier` (`nom_fichier`),
  ADD KEY `id_oeuvre` (`id_oeuvre`);

--
-- Index pour la table `materiaux`
--
ALTER TABLE `materiaux`
  ADD PRIMARY KEY (`id_materiaux`),
  ADD UNIQUE KEY `nom_francais` (`nom_francais`),
  ADD UNIQUE KEY `nom_anglais` (`nom_anglais`);

--
-- Index pour la table `oeuvre`
--
ALTER TABLE `oeuvre`
  ADD PRIMARY KEY (`id_oeuvre`),
  ADD KEY `id_categorie` (`id_categorie`),
  ADD KEY `id_support` (`id_support`),
  ADD KEY `id_endroit` (`id_endroit`);

--
-- Index pour la table `oeuvre_materiaux`
--
ALTER TABLE `oeuvre_materiaux`
  ADD PRIMARY KEY (`id_materiaux`,`id_oeuvre`),
  ADD KEY `id_oeuvre` (`id_oeuvre`);

--
-- Index pour la table `oeuvre_technique`
--
ALTER TABLE `oeuvre_technique`
  ADD PRIMARY KEY (`id_technique`,`id_oeuvre`),
  ADD KEY `id_oeuvre` (`id_oeuvre`);

--
-- Index pour la table `parcours`
--
ALTER TABLE `parcours`
  ADD PRIMARY KEY (`id_parcours`);

--
-- Index pour la table `parcours_endroit`
--
ALTER TABLE `parcours_endroit`
  ADD PRIMARY KEY (`id_parcours`,`id_endroit`),
  ADD KEY `id_endroit` (`id_endroit`),
  ADD KEY `id_usager` (`id_usager`);

--
-- Index pour la table `role`
--
ALTER TABLE `role`
  ADD PRIMARY KEY (`id_role`),
  ADD UNIQUE KEY `type_acces` (`type_acces`);

--
-- Index pour la table `technique`
--
ALTER TABLE `technique`
  ADD PRIMARY KEY (`id_technique`),
  ADD UNIQUE KEY `nom_francais` (`nom_francais`),
  ADD UNIQUE KEY `nom_anglais` (`nom_anglais`);

--
-- Index pour la table `type_support`
--
ALTER TABLE `type_support`
  ADD PRIMARY KEY (`id_support`),
  ADD UNIQUE KEY `nom_francais` (`nom_francais`),
  ADD UNIQUE KEY `nom_anglais` (`nom_anglais`);

--
-- Index pour la table `usager`
--
ALTER TABLE `usager`
  ADD PRIMARY KEY (`id_usager`),
  ADD UNIQUE KEY `nom_connexion` (`nom_connexion`),
  ADD KEY `id_role` (`id_role`);

--
-- AUTO_INCREMENT pour les tables déchargées
--

--
-- AUTO_INCREMENT pour la table `arrondissement`
--
ALTER TABLE `arrondissement`
  MODIFY `id_arrondissement` int(11) NOT NULL AUTO_INCREMENT, AUTO_INCREMENT=19;
--
-- AUTO_INCREMENT pour la table `artiste`
--
ALTER TABLE `artiste`
  MODIFY `id_artiste` int(11) NOT NULL AUTO_INCREMENT, AUTO_INCREMENT=224;
--
-- AUTO_INCREMENT pour la table `categorie`
--
ALTER TABLE `categorie`
  MODIFY `id_categorie` int(11) NOT NULL AUTO_INCREMENT, AUTO_INCREMENT=3;
--
-- AUTO_INCREMENT pour la table `commentaire`
--
ALTER TABLE `commentaire`
  MODIFY `id_commentaire` int(11) NOT NULL AUTO_INCREMENT, AUTO_INCREMENT=63;
--
-- AUTO_INCREMENT pour la table `endroit`
--
ALTER TABLE `endroit`
  MODIFY `id_endroit` int(11) NOT NULL AUTO_INCREMENT, AUTO_INCREMENT=584;
--
-- AUTO_INCREMENT pour la table `image`
--
ALTER TABLE `image`
  MODIFY `id_image` int(11) NOT NULL AUTO_INCREMENT;
--
-- AUTO_INCREMENT pour la table `materiaux`
--
ALTER TABLE `materiaux`
  MODIFY `id_materiaux` int(11) NOT NULL AUTO_INCREMENT, AUTO_INCREMENT=102;
--
-- AUTO_INCREMENT pour la table `oeuvre`
--
ALTER TABLE `oeuvre`
  MODIFY `id_oeuvre` int(11) NOT NULL AUTO_INCREMENT, AUTO_INCREMENT=250;
--
-- AUTO_INCREMENT pour la table `parcours`
--
ALTER TABLE `parcours`
  MODIFY `id_parcours` int(11) NOT NULL AUTO_INCREMENT;
--
-- AUTO_INCREMENT pour la table `role`
--
ALTER TABLE `role`
  MODIFY `id_role` int(11) NOT NULL AUTO_INCREMENT, AUTO_INCREMENT=4;
--
-- AUTO_INCREMENT pour la table `technique`
--
ALTER TABLE `technique`
  MODIFY `id_technique` int(11) NOT NULL AUTO_INCREMENT, AUTO_INCREMENT=90;
--
-- AUTO_INCREMENT pour la table `type_support`
--
ALTER TABLE `type_support`
  MODIFY `id_support` int(11) NOT NULL AUTO_INCREMENT, AUTO_INCREMENT=14;
--
-- AUTO_INCREMENT pour la table `usager`
--
ALTER TABLE `usager`
  MODIFY `id_usager` int(11) NOT NULL AUTO_INCREMENT, AUTO_INCREMENT=6;COMMIT;

/*!40101 SET CHARACTER_SET_CLIENT=@OLD_CHARACTER_SET_CLIENT */;
/*!40101 SET CHARACTER_SET_RESULTS=@OLD_CHARACTER_SET_RESULTS */;
/*!40101 SET COLLATION_CONNECTION=@OLD_COLLATION_CONNECTION */;
